Rc files read:
  NONE
Latexmk: This is Latexmk, John Collins, 15 June 2025. Version 4.87.
No existing .aux file, so I'll make a simple one, and require run of *latex.
Latexmk: applying rule 'xelatex'...
Rule 'xelatex':  Reasons for rerun
Category 'other':
  Rerun of 'xelatex' forced or previously required:
    Reason or flag: 'Initial setup'

------------
Run number 1 of rule 'xelatex'
------------
------------
Running 'xelatex -no-pdf -shell-escape -interaction=nonstopmode -halt-on-error -recorder  "main.tex"'
------------
This is XeTeX, Version 3.141592653-2.6-0.999998 (MiKTeX 26.5) (preloaded format=xelatex.fmt)
 \write18 enabled.
entering extended mode
(main.tex
LaTeX2e <2026-06-01>
L3 programming layer <2026-07-20>
(preamble.tex
(C:\Users\MrJSa\AppData\Local\Programs\MiKTeX\tex/latex/memoir\memoir.cls
Document Class: memoir 2025/11/04 v3.8.4b configurable book, report, article do
cument class
(C:\Users\MrJSa\AppData\Local\Programs\MiKTeX\tex/latex/xpatch\xpatch.sty
(C:\Users\MrJSa\AppData\Local\Programs\MiKTeX\tex/latex/l3kernel\expl3.sty
(C:\Users\MrJSa\AppData\Local\Programs\MiKTeX\tex/latex/l3backend\l3backend-xet
ex.def))
(C:\Users\MrJSa\AppData\Local\Programs\MiKTeX\tex/latex/l3packages/xparse\xpars
e.sty)
(C:\Users\MrJSa\AppData\Local\Programs\MiKTeX\tex/latex/etoolbox\etoolbox.sty))
(C:\Users\MrJSa\AppData\Local\Programs\MiKTeX\tex/generic/iftex\iftex.sty)
(C:\Users\MrJSa\AppData\Local\Programs\MiKTeX\tex/latex/memoir\mem10.clo)
(C:\Users\MrJSa\AppData\Local\Programs\MiKTeX\tex/latex/tools\array.sty)
(C:\Users\MrJSa\AppData\Local\Programs\MiKTeX\tex/latex/tools\dcolumn.sty)
(C:\Users\MrJSa\AppData\Local\Programs\MiKTeX\tex/latex/tools\delarray.sty)
(C:\Users\MrJSa\AppData\Local\Programs\MiKTeX\tex/latex/tools\tabularx.sty)
(C:\Users\MrJSa\AppData\Local\Programs\MiKTeX\tex/latex/booktabs\booktabs.sty)
(C:\Users\MrJSa\AppData\Local\Programs\MiKTeX\tex/latex/hyperref\nameref.sty
(C:\Users\MrJSa\AppData\Local\Programs\MiKTeX\tex/latex/refcount\refcount.sty
(C:\Users\MrJSa\AppData\Local\Programs\MiKTeX\tex/generic/ltxcmds\ltxcmds.sty)
(C:\Users\MrJSa\AppData\Local\Programs\MiKTeX\tex/generic/infwarerr\infwarerr.s
ty))
(C:\Users\MrJSa\AppData\Local\Programs\MiKTeX\tex/generic/gettitlestring\gettit
lestring.sty
(C:\Users\MrJSa\AppData\Local\Programs\MiKTeX\tex/latex/kvoptions\kvoptions.sty
(C:\Users\MrJSa\AppData\Local\Programs\MiKTeX\tex/latex/graphics\keyval.sty)
(C:\Users\MrJSa\AppData\Local\Programs\MiKTeX\tex/latex/kvsetkeys\kvsetkeys.sty
)))) (C:\Users\MrJSa\AppData\Local\Programs\MiKTeX\tex/latex/tools\verbatim.sty
) (C:\Users\MrJSa\AppData\Local\Programs\MiKTeX\tex/latex/base\shortvrb.sty))
(documenter.sty
(C:\Users\MrJSa\AppData\Local\Programs\MiKTeX\tex/latex/fontspec\fontspec.sty
(C:\Users\MrJSa\AppData\Local\Programs\MiKTeX\tex/latex/fontspec\fontspec-xetex
.sty (C:\Users\MrJSa\AppData\Local\Programs\MiKTeX\tex/latex/base\fontenc.sty)
(C:\Users\MrJSa\AppData\Local\Programs\MiKTeX\tex/latex/fontspec\fontspec.cfg))
)
(C:\Users\MrJSa\AppData\Local\Programs\MiKTeX\tex/latex/newunicodechar\newunico
dechar.sty)
(C:\Users\MrJSa\AppData\Local\Programs\MiKTeX\tex/latex/polyglossia\polyglossia
.sty
(C:\Users\MrJSa\AppData\Local\Programs\MiKTeX\tex/latex/polyglossia\gloss-latex
.ldf))
(C:\Users\MrJSa\AppData\Local\Programs\MiKTeX\tex/latex/xcolor\xcolor.sty
(C:\Users\MrJSa\AppData\Local\Programs\MiKTeX\tex/latex/graphics-cfg\color.cfg)
(C:\Users\MrJSa\AppData\Local\Programs\MiKTeX\tex/latex/graphics-def\xetex.def)
 (C:\Users\MrJSa\AppData\Local\Programs\MiKTeX\tex/latex/graphics\mathcolor.ltx
)) (C:\Users\MrJSa\AppData\Local\Programs\MiKTeX\tex/latex/amsmath\amsmath.sty
For additional information on amsmath, use the `?' option.
(C:\Users\MrJSa\AppData\Local\Programs\MiKTeX\tex/latex/amsmath\amstext.sty
(C:\Users\MrJSa\AppData\Local\Programs\MiKTeX\tex/latex/amsmath\amsgen.sty))
(C:\Users\MrJSa\AppData\Local\Programs\MiKTeX\tex/latex/amsmath\amsbsy.sty)
(C:\Users\MrJSa\AppData\Local\Programs\MiKTeX\tex/latex/amsmath\amsopn.sty))
(C:\Users\MrJSa\AppData\Local\Programs\MiKTeX\tex/latex/amsfonts\amssymb.sty
(C:\Users\MrJSa\AppData\Local\Programs\MiKTeX\tex/latex/amsfonts\amsfonts.sty))
 (C:\Users\MrJSa\AppData\Local\Programs\MiKTeX\tex/latex/minted\minted.sty
(C:\Users\MrJSa\AppData\Local\Programs\MiKTeX\tex/generic/catchfile\catchfile.s
ty
(C:\Users\MrJSa\AppData\Local\Programs\MiKTeX\tex/generic/etexcmds\etexcmds.sty
)) (C:\Users\MrJSa\AppData\Local\Programs\MiKTeX\tex/latex/fvextra\fvextra.sty
(C:\Users\MrJSa\AppData\Local\Programs\MiKTeX\tex/latex/fancyvrb\fancyvrb.sty)
(C:\Users\MrJSa\AppData\Local\Programs\MiKTeX\tex/generic/pdftexcmds\pdftexcmds
.sty)
(C:\Users\MrJSa\AppData\Local\Programs\MiKTeX\tex/latex/upquote\upquote.sty
(C:\Users\MrJSa\AppData\Local\Programs\MiKTeX\tex/latex/base\textcomp.sty))
(C:\Users\MrJSa\AppData\Local\Programs\MiKTeX\tex/latex/lineno\lineno.sty))
(C:\Users\MrJSa\AppData\Local\Programs\MiKTeX\tex/latex/latex2pydata\latex2pyda
ta.sty)
(C:\Users\MrJSa\AppData\Local\Programs\MiKTeX\tex/latex/pgf/utilities\pgfkeys.s
ty
(C:\Users\MrJSa\AppData\Local\Programs\MiKTeX\tex/generic/pgf/utilities\pgfkeys
.code.tex
(C:\Users\MrJSa\AppData\Local\Programs\MiKTeX\tex/generic/pgf/utilities\pgfkeys
libraryfiltered.code.tex)))
(C:\Users\MrJSa\AppData\Local\Programs\MiKTeX\tex/latex/pgfopts\pgfopts.sty)
(C:\Users\MrJSa\AppData\Local\Programs\MiKTeX\tex/latex/tools\shellesc.sty)
(C:\Users\MrJSa\AppData\Local\Programs\MiKTeX\tex/latex/float\float.sty))
(C:\Users\MrJSa\AppData\Local\Programs\MiKTeX\tex/latex/tabulary\tabulary.sty)
(C:\Users\MrJSa\AppData\Local\Programs\MiKTeX\tex/latex/hyperref\hyperref.sty
(C:\Users\MrJSa\AppData\Local\Programs\MiKTeX\tex/generic/kvdefinekeys\kvdefine
keys.sty)
(C:\Users\MrJSa\AppData\Local\Programs\MiKTeX\tex/generic/pdfescape\pdfescape.s
ty) (C:\Users\MrJSa\AppData\Local\Programs\MiKTeX\tex/latex/hycolor\hycolor.sty
)
(C:\Users\MrJSa\AppData\Local\Programs\MiKTeX\tex/generic/stringenc\stringenc.s
ty) (C:\Users\MrJSa\AppData\Local\Programs\MiKTeX\tex/latex/hyperref\pd1enc.def
) (C:\Users\MrJSa\AppData\Local\Programs\MiKTeX\tex/generic/intcalc\intcalc.sty
) (C:\Users\MrJSa\AppData\Local\Programs\MiKTeX\tex/latex/hyperref\puenc.def)
(C:\Users\MrJSa\AppData\Local\Programs\MiKTeX\tex/latex/url\url.sty)
(C:\Users\MrJSa\AppData\Local\Programs\MiKTeX\tex/generic/bitset\bitset.sty
(C:\Users\MrJSa\AppData\Local\Programs\MiKTeX\tex/generic/bigintcalc\bigintcalc
.sty)))
(C:\Users\MrJSa\AppData\Local\Programs\MiKTeX\tex/latex/hyperref\hxetex.def
(C:\Users\MrJSa\AppData\Local\Programs\MiKTeX\tex/latex/rerunfilecheck\rerunfil
echeck.sty
(C:\Users\MrJSa\AppData\Local\Programs\MiKTeX\tex/generic/uniquecounter\uniquec
ounter.sty)))
(C:\Users\MrJSa\AppData\Local\Programs\MiKTeX\tex/latex/memoir\memhfixc.sty)

Package hyperref Warning: Option `pdfpagelabels' has already been used,
(hyperref)                setting the option has no effect on input line 58.


Package hyperref Warning: Option `bookmarks' has already been used,
(hyperref)                setting the option has no effect on input line 58.


Package hyperref Warning: Option `hyperindex' has already been used,
(hyperref)                setting the option has no effect on input line 58.


******************************************************
Stock height and width: 794.96999pt by 614.295pt
Top and edge trims: 0pt and 0pt
Page height and width: 794.96999pt by 614.295pt
Text height and width: 622pt by 433pt
Spine and edge margins: 108.405pt and 72.26999pt
Upper and lower margins: 108.405pt and 64.56499pt
Headheight and headsep: 12pt and 24.13501pt
Footskip: 25.29494pt
Columnsep and columnseprule: 10pt and 0pt
Marginparsep and marginparwidth: 7pt and 58.26999pt
Sidecapsep and sidecapwidth: 7pt and 71pt
Sidebarhsep and sidebarwidth: 7pt and 71pt
Sidebarvsep and sidebartopsep: 12pt and 0pt
Sidebarheight: 548.39996pt
Sidefoothsep and sidefootwidth: 7pt and 71pt
Sidefootvsep and sidefootheight: 12pt and 548.39996pt
******************************************************

(C:\Users\MrJSa\AppData\Local\Programs\MiKTeX\tex/latex/graphics\graphicx.sty
(C:\Users\MrJSa\AppData\Local\Programs\MiKTeX\tex/latex/graphics\graphics.sty
(C:\Users\MrJSa\AppData\Local\Programs\MiKTeX\tex/latex/graphics\trig.sty)
(C:\Users\MrJSa\AppData\Local\Programs\MiKTeX\tex/latex/graphics-cfg\graphics.c
fg)))
(C:\Users\MrJSa\AppData\Local\Programs\MiKTeX\tex/latex/adjustbox\adjustbox.sty
(C:\Users\MrJSa\AppData\Local\Programs\MiKTeX\tex/latex/xkeyval\xkeyval.sty
(C:\Users\MrJSa\AppData\Local\Programs\MiKTeX\tex/generic/xkeyval\xkeyval.tex
(C:\Users\MrJSa\AppData\Local\Programs\MiKTeX\tex/generic/xkeyval\xkvutils.tex)
))
(C:\Users\MrJSa\AppData\Local\Programs\MiKTeX\tex/latex/adjustbox\adjcalc.sty)
(C:\Users\MrJSa\AppData\Local\Programs\MiKTeX\tex/latex/adjustbox\trimclip.sty
(C:\Users\MrJSa\AppData\Local\Programs\MiKTeX\tex/latex/collectbox\collectbox.s
ty)
(C:\Users\MrJSa\AppData\Local\Programs\MiKTeX\tex/latex/adjustbox\tc-xetex.def)
)
(C:\Users\MrJSa\AppData\Local\Programs\MiKTeX\tex/latex/ifoddpage\ifoddpage.sty
) (C:\Users\MrJSa\AppData\Local\Programs\MiKTeX\tex/latex/varwidth\varwidth.sty
)
==> First Aid for varwidth.sty applied!
)
(C:\Users\MrJSa\AppData\Local\Programs\MiKTeX\tex/latex/tcolorbox\tcolorbox.sty

(C:\Users\MrJSa\AppData\Local\Programs\MiKTeX\tex/latex/pgf/frontendlayer\tikz.
sty
(C:\Users\MrJSa\AppData\Local\Programs\MiKTeX\tex/latex/pgf/basiclayer\pgf.sty
(C:\Users\MrJSa\AppData\Local\Programs\MiKTeX\tex/latex/pgf/utilities\pgfrcs.st
y
(C:\Users\MrJSa\AppData\Local\Programs\MiKTeX\tex/generic/pgf/utilities\pgfutil
-common.tex)
(C:\Users\MrJSa\AppData\Local\Programs\MiKTeX\tex/generic/pgf/utilities\pgfutil
-latex.def)
(C:\Users\MrJSa\AppData\Local\Programs\MiKTeX\tex/generic/pgf/utilities\pgfrcs.
code.tex
(C:\Users\MrJSa\AppData\Local\Programs\MiKTeX\tex/generic/pgf\pgf.revision.tex)
))
(C:\Users\MrJSa\AppData\Local\Programs\MiKTeX\tex/latex/pgf/basiclayer\pgfcore.
sty
(C:\Users\MrJSa\AppData\Local\Programs\MiKTeX\tex/latex/pgf/systemlayer\pgfsys.
sty
(C:\Users\MrJSa\AppData\Local\Programs\MiKTeX\tex/generic/pgf/systemlayer\pgfsy
s.code.tex
(C:\Users\MrJSa\AppData\Local\Programs\MiKTeX\tex/generic/pgf/systemlayer\pgf.c
fg)
(C:\Users\MrJSa\AppData\Local\Programs\MiKTeX\tex/generic/pgf/systemlayer\pgfsy
s-xetex.def
(C:\Users\MrJSa\AppData\Local\Programs\MiKTeX\tex/generic/pgf/systemlayer\pgfsy
s-dvipdfmx.def
(C:\Users\MrJSa\AppData\Local\Programs\MiKTeX\tex/generic/pgf/systemlayer\pgfsy
s-common-pdf.def))))
(C:\Users\MrJSa\AppData\Local\Programs\MiKTeX\tex/generic/pgf/systemlayer\pgfsy
ssoftpath.code.tex)
(C:\Users\MrJSa\AppData\Local\Programs\MiKTeX\tex/generic/pgf/systemlayer\pgfsy
sprotocol.code.tex))
(C:\Users\MrJSa\AppData\Local\Programs\MiKTeX\tex/generic/pgf/basiclayer\pgfcor
e.code.tex
(C:\Users\MrJSa\AppData\Local\Programs\MiKTeX\tex/generic/pgf/math\pgfmath.code
.tex
(C:\Users\MrJSa\AppData\Local\Programs\MiKTeX\tex/generic/pgf/math\pgfmathutil.
code.tex)
(C:\Users\MrJSa\AppData\Local\Programs\MiKTeX\tex/generic/pgf/math\pgfmathparse
r.code.tex)
(C:\Users\MrJSa\AppData\Local\Programs\MiKTeX\tex/generic/pgf/math\pgfmathfunct
ions.code.tex)
(C:\Users\MrJSa\AppData\Local\Programs\MiKTeX\tex/generic/pgf/math\pgfmathfunct
ions.basic.code.tex)
(C:\Users\MrJSa\AppData\Local\Programs\MiKTeX\tex/generic/pgf/math\pgfmathfunct
ions.trigonometric.code.tex)
(C:\Users\MrJSa\AppData\Local\Programs\MiKTeX\tex/generic/pgf/math\pgfmathfunct
ions.random.code.tex)
(C:\Users\MrJSa\AppData\Local\Programs\MiKTeX\tex/generic/pgf/math\pgfmathfunct
ions.comparison.code.tex)
(C:\Users\MrJSa\AppData\Local\Programs\MiKTeX\tex/generic/pgf/math\pgfmathfunct
ions.base.code.tex)
(C:\Users\MrJSa\AppData\Local\Programs\MiKTeX\tex/generic/pgf/math\pgfmathfunct
ions.round.code.tex)
(C:\Users\MrJSa\AppData\Local\Programs\MiKTeX\tex/generic/pgf/math\pgfmathfunct
ions.misc.code.tex)
(C:\Users\MrJSa\AppData\Local\Programs\MiKTeX\tex/generic/pgf/math\pgfmathfunct
ions.integerarithmetics.code.tex)
(C:\Users\MrJSa\AppData\Local\Programs\MiKTeX\tex/generic/pgf/math\pgfmathcalc.
code.tex)
(C:\Users\MrJSa\AppData\Local\Programs\MiKTeX\tex/generic/pgf/math\pgfmathfloat
.code.tex))
(C:\Users\MrJSa\AppData\Local\Programs\MiKTeX\tex/generic/pgf/math\pgfint.code.
tex)
(C:\Users\MrJSa\AppData\Local\Programs\MiKTeX\tex/generic/pgf/basiclayer\pgfcor
epoints.code.tex)
(C:\Users\MrJSa\AppData\Local\Programs\MiKTeX\tex/generic/pgf/basiclayer\pgfcor
epathconstruct.code.tex)
(C:\Users\MrJSa\AppData\Local\Programs\MiKTeX\tex/generic/pgf/basiclayer\pgfcor
epathusage.code.tex)
(C:\Users\MrJSa\AppData\Local\Programs\MiKTeX\tex/generic/pgf/basiclayer\pgfcor
escopes.code.tex)
(C:\Users\MrJSa\AppData\Local\Programs\MiKTeX\tex/generic/pgf/basiclayer\pgfcor
egraphicstate.code.tex)
(C:\Users\MrJSa\AppData\Local\Programs\MiKTeX\tex/generic/pgf/basiclayer\pgfcor
etransformations.code.tex)
(C:\Users\MrJSa\AppData\Local\Programs\MiKTeX\tex/generic/pgf/basiclayer\pgfcor
equick.code.tex)
(C:\Users\MrJSa\AppData\Local\Programs\MiKTeX\tex/generic/pgf/basiclayer\pgfcor
eobjects.code.tex)
(C:\Users\MrJSa\AppData\Local\Programs\MiKTeX\tex/generic/pgf/basiclayer\pgfcor
epathprocessing.code.tex)
(C:\Users\MrJSa\AppData\Local\Programs\MiKTeX\tex/generic/pgf/basiclayer\pgfcor
earrows.code.tex)
(C:\Users\MrJSa\AppData\Local\Programs\MiKTeX\tex/generic/pgf/basiclayer\pgfcor
eshade.code.tex)
(C:\Users\MrJSa\AppData\Local\Programs\MiKTeX\tex/generic/pgf/basiclayer\pgfcor
eimage.code.tex)
(C:\Users\MrJSa\AppData\Local\Programs\MiKTeX\tex/generic/pgf/basiclayer\pgfcor
eexternal.code.tex)
(C:\Users\MrJSa\AppData\Local\Programs\MiKTeX\tex/generic/pgf/basiclayer\pgfcor
elayers.code.tex)
(C:\Users\MrJSa\AppData\Local\Programs\MiKTeX\tex/generic/pgf/basiclayer\pgfcor
etransparency.code.tex)
(C:\Users\MrJSa\AppData\Local\Programs\MiKTeX\tex/generic/pgf/basiclayer\pgfcor
epatterns.code.tex)
(C:\Users\MrJSa\AppData\Local\Programs\MiKTeX\tex/generic/pgf/basiclayer\pgfcor
erdf.code.tex)))
(C:\Users\MrJSa\AppData\Local\Programs\MiKTeX\tex/generic/pgf/modules\pgfmodule
shapes.code.tex)
(C:\Users\MrJSa\AppData\Local\Programs\MiKTeX\tex/generic/pgf/modules\pgfmodule
plot.code.tex)
(C:\Users\MrJSa\AppData\Local\Programs\MiKTeX\tex/latex/pgf/compatibility\pgfco
mp-version-0-65.sty)
(C:\Users\MrJSa\AppData\Local\Programs\MiKTeX\tex/latex/pgf/compatibility\pgfco
mp-version-1-18.sty))
(C:\Users\MrJSa\AppData\Local\Programs\MiKTeX\tex/latex/pgf/utilities\pgffor.st
y (C:\Users\MrJSa\AppData\Local\Programs\MiKTeX\tex/latex/pgf/math\pgfmath.sty
(C:\Users\MrJSa\AppData\Local\Programs\MiKTeX\tex/generic/pgf/math\pgfmath.code
.tex))
(C:\Users\MrJSa\AppData\Local\Programs\MiKTeX\tex/generic/pgf/utilities\pgffor.
code.tex))
(C:\Users\MrJSa\AppData\Local\Programs\MiKTeX\tex/generic/pgf/frontendlayer/tik
z\tikz.code.tex
(C:\Users\MrJSa\AppData\Local\Programs\MiKTeX\tex/generic/pgf/libraries\pgflibr
aryplothandlers.code.tex)
(C:\Users\MrJSa\AppData\Local\Programs\MiKTeX\tex/generic/pgf/modules\pgfmodule
matrix.code.tex)
(C:\Users\MrJSa\AppData\Local\Programs\MiKTeX\tex/generic/pgf/frontendlayer/tik
z/libraries\tikzlibrarytopaths.code.tex)))
(C:\Users\MrJSa\AppData\Local\Programs\MiKTeX\tex/latex/environ\environ.sty
(C:\Users\MrJSa\AppData\Local\Programs\MiKTeX\tex/latex/trimspaces\trimspaces.s
ty)))) (custom.sty

******************************************************
Stock height and width: 794.96999pt by 614.295pt
Top and edge trims: 0pt and 0pt
Page height and width: 794.96999pt by 614.295pt
Text height and width: 646pt by 455pt
Spine and edge margins: 79.49744pt and 79.49744pt
Upper and lower margins: 83.11005pt and 65.85994pt
Headheight and headsep: 12pt and 27.74762pt
Footskip: 25.29494pt
Columnsep and columnseprule: 10pt and 0pt
Marginparsep and marginparwidth: 7pt and 65.49744pt
Sidecapsep and sidecapwidth: 7pt and 71pt
Sidebarhsep and sidebarwidth: 7pt and 71pt
Sidebarvsep and sidebartopsep: 12pt and 0pt
Sidebarheight: 548.39996pt
Sidefoothsep and sidefootwidth: 7pt and 71pt
Sidefootvsep and sidefootheight: 12pt and 548.39996pt
******************************************************

) (main.aux)

Package hyperref Warning: Rerun to get /PageLabels entry.

[1]
No file main.toc.
) [2] [1]
Chapter 1.
(_FAD58DE7366495DB4650CFEFAC2FCD61.config.minted) (_minted/default.style.minted
) (_minted/B9929C0E7668CCEB3BD74630E4EFB123.highlight.minted)
(C:\Users\MrJSa\AppData\Local\Programs\MiKTeX\tex/latex/amsfonts\umsa.fd)
(C:\Users\MrJSa\AppData\Local\Programs\MiKTeX\tex/latex/amsfonts\umsb.fd)
[2] (_minted/D26A3501B861DCF71CDA5D2631EA139C.highlight.minted) [3] [4]
Chapter 2.
(_minted/3AA4F61E1679525BD28BE452024D5596.highlight.minted)
(_minted/8D5C80A3F5A30E6B0A7C1C05D19589B1.highlight.minted)
Overfull \hbox (7.38509pt too wide) in paragraph at lines 190--191
[]\TU/DejaVuSans(0)/m/n/10 For an editable install, \TU/DejaVuSansMono(0)/m/n/1
0 pkg> dev https://github.com/JeffreySarnoff/SmallFloats.jl \TU/DejaVuSans(0)/m
/n/10 clones into \TU/DejaVuSansMono(0)/m/n/10 ~/.julia/dev\TU/DejaVuSans(0)/m/
n/10 ,
(_minted/3EA8D141404C24DB83FB45BF9D33E0E3.highlight.minted)
(_minted/C5FE61E106278D02042B2EB972D5F848.highlight.minted) [5]
Chapter 3.
(_minted/BAC4E7F00F4975EB3AF9F82025AE3142.highlight.minted)
(_minted/D0396CD9B3DED6C2C7EDE55F04C6CF50.highlight.minted)
(_minted/56B5D17D5F58DE4263E4BDFFDBA64BE0.highlight.minted)
(_minted/D26A3501B861DCF71CDA5D2631EA139C.highlight.minted)
(_minted/9FB53275998E4D43FE51BC0B3D3F9D97.highlight.minted) [6]
(_minted/E9616F543B972F24B05DE61B932E6904.highlight.minted)
(_minted/6601A1B687FB379AC79C4B2B5CCB8B57.highlight.minted)
(_minted/BBF43A2362E9C84A79E384A6A466374B.highlight.minted) [7]
(_minted/E8AB2A8BD6E256A8382A210017B9CC8F.highlight.minted)
(_minted/D9987E845F8CF01C5073D5E462A976DE.highlight.minted)
(_minted/B0683E93894E2308861E4EA3BC0B76EE.highlight.minted) [8] [9]
Chapter 4.
(_minted/6B6F8E997C0F869447F399662EAAF8FD.highlight.minted) [10]
(_minted/A206F77C3F13F3F37817C790E26BA4C7.highlight.minted)
(_minted/A0FF0CB26463FD92E1D6A0FF175555B3.highlight.minted)
(_minted/AE18751B90096B431142D00BA18A0644.highlight.minted) [11]
(_minted/8A200A5D2A341BDDBA6C0128A1A7DBA3.highlight.minted) [12]
(_minted/EEAF200D3D9FA957E8A3D2647F88776B.highlight.minted) [13] [14] [15]
Chapter 5.
[16] [17]
Chapter 6.
(_minted/83B795ED5334DC684213FFA0DFA904FF.highlight.minted)
(_minted/B62D0368F5D599863B8092FF94BA9000.highlight.minted)
(_minted/532239694CFE782D178F425F8675CA66.highlight.minted) [18]
Overfull \hbox (7.39253pt too wide) in paragraph at lines 1085--1085
[]\TU/DejaVuSansMono(0)/m/n/8 SatPropagate|  
[19] [20]
Chapter 7.
(_minted/DFDC422117CA3F17F39DAE27519B2200.highlight.minted)
(_minted/9780D68396080CFBE6DEBEA792778AA5.highlight.minted) [21]
(_minted/06B731451908BBA226C65A09AED07FE6.highlight.minted) [22]
(_minted/0CDBE95BBF856D8DEFC58732F7941E2A.highlight.minted)
(_minted/A96D01A7E32D1EF1EF44D03B1CA2BD99.highlight.minted) [23]
Chapter 8.
(_minted/2092C94B75924CAD5DABC29E33C26FF8.highlight.minted)
(_minted/D26A3501B861DCF71CDA5D2631EA139C.highlight.minted) [24]
(_minted/C6BFEC4E30E122D2E410DD2AAF3FD158.highlight.minted)
(_minted/67035D4DF2E4AE363A6E23B840876D89.highlight.minted) [25]
(_minted/BB0D58EDAE4501B92F8201FC59EB9659.highlight.minted)
(_minted/275DAF239161B75DE0E7C0CF4327A280.highlight.minted) [26]
(_minted/3B4328D175F57BD3BE391B729AEE7848.highlight.minted)
(_minted/98295CC291D6BE5BCC3560AAB3068BC2.highlight.minted) [27] [28]
Chapter 9.
(_minted/AE18751B90096B431142D00BA18A0644.highlight.minted) [29]
(_minted/CD10FACBC157C89FC48F02ED77225FBE.highlight.minted) [30] [31]
Chapter 10.
(_minted/AE4A34F07F66AFEBB1273A5158E3E3DA.highlight.minted)
Underfull \hbox (badness 1314) in paragraph at lines 1839--1840
[]\TU/DejaVuSans(0)/m/n/10 SmallFloats represents the pair as \TU/DejaVuSansMon
o(0)/m/n/10 ProjSpec(rounding, saturation)\TU/DejaVuSans(0)/m/n/10 . A name lik
e \TU/DejaVuSansMono(0)/m/n/10 RNE_SN \TU/DejaVuSans(0)/m/n/10 is \TU/DejaVuSan
sMono(0)/m/n/10 ProjSpec(
[32] [33]
Chapter 11.
(_minted/460FDA364FF400CC168AF3F7B946A191.highlight.minted)
(_minted/A41A00FC3BE13C5142F387AFD66470D4.highlight.minted)
(_minted/9A54700733F874B5C5EB52DCF6DF1BEB.highlight.minted) [34] [35] [36]
Chapter 12.
(_minted/3D5C880C81880161FA494C6D433907CA.highlight.minted) [37]
(_minted/C2546AFDB296AA859F5CBC2ED8B4BDAD.highlight.minted)
(_minted/AA42F20427086358306B3D82D9E96ED8.highlight.minted) [38] [39]
Chapter 13.
(_minted/AB39BF5BE9EA50DFC34BBFF62E1DDFE4.highlight.minted)
(_minted/E32F50E2645BE3AC5222D37B05CAE614.highlight.minted)
(_minted/DC49FF7BDC529DA749428D5440E1221C.highlight.minted) [40] [41]
Chapter 14.
[42] (_minted/7EF23344FA46AF4F11EC0F37636EA7F1.highlight.minted)
(_minted/710027EFC5FF9EC8FF12F61F22F37758.highlight.minted)
(_minted/F04CA646F47C1748CD3F93A63E965A44.highlight.minted)
(_minted/1AA98BB5BB8CED075149A95AEF9DAAF2.highlight.minted) [43]
(_minted/F493688D03C1EC7F946E39E089D50013.highlight.minted)
(_minted/433AD3802AD02CEFD394558E80CD8AF8.highlight.minted)
(_minted/47D8DD6E6B0260AD917E30844734C1EC.highlight.minted)
(_minted/7B1506099FC261126B610E56AF35D89E.highlight.minted) [44]
(_minted/5B63B2DDA81B8000F1BEF437C8BB3F8A.highlight.minted)
(_minted/1A143EFC556D31322C1E679161C2EF62.highlight.minted) [45] [46]
Chapter 15.
(_minted/6B6F8E997C0F869447F399662EAAF8FD.highlight.minted) [47]
(_minted/4C6543F4000BC78D7314E983FDA251C3.highlight.minted)
(_minted/A9E21D771C22D67F072CAFA2371137EE.highlight.minted)
(_minted/5B7405B474209256635709FEDFA310E7.highlight.minted) [48] [49]
Chapter 16.
(_minted/7BAF8697806D2F49FFE1B71C32BC9237.highlight.minted)
(_minted/AB39BF5BE9EA50DFC34BBFF62E1DDFE4.highlight.minted)
(_minted/D97BF37325E95CC4B138F1A5797EF736.highlight.minted) [50]
(_minted/D9987E845F8CF01C5073D5E462A976DE.highlight.minted)
(_minted/AE5CB71072B63DDCC6CD6DCCE4C0D60F.highlight.minted) [51] [52]
Chapter 17.
(_minted/3A97E3304EBE560D1BFF69BB9B4E6168.highlight.minted)
(_minted/F9C6B90F44FDA4EE857E1D3944DA2329.highlight.minted)
(_minted/160AFB7182767C61BB22FEFAEF4A120A.highlight.minted)
(_minted/1E4A23916D8F0BB2EB25B76A3C622DF5.highlight.minted) [53]
(_minted/BC77637D0A1C7B9D0DE47DDF8DA51079.highlight.minted)
(_minted/30E9E5BE36187E171E851E0197B211B9.highlight.minted)
(_minted/D0010330DD6FC3FC496CF671CB91199C.highlight.minted)
(_minted/F3B7A3CA57206D206040B446B728FF6B.highlight.minted) [54] [55]
Chapter 18.
(_minted/8962C2E8E8705DAEF1F021AD555BF604.highlight.minted)
(_minted/97A14316F4786B086098B397F512053F.highlight.minted)
(_minted/B2AC6DED7DEAE7A8CCADE8C287E45F6E.highlight.minted) [56]
(_minted/4754A511BE34900225160032720D49B8.highlight.minted) [57] [58]
Chapter 19.
(_minted/5EFE85046DAABDEE0C3D3B07C34410F1.highlight.minted)
(_minted/5B697BCF65E0F011F905D526FFD2E528.highlight.minted)
(_minted/C9757C0A744C0D4ED97DBE6AB910F125.highlight.minted) [59]
(_minted/830A701BA754EFA1DF6693599FA9A56B.highlight.minted)
(_minted/E75B007F2E1EF4D12B847ADE884DCEAB.highlight.minted)
(_minted/CE05182F2EFFEFFA350F6EBC197124DA.highlight.minted)
(_minted/9633351306BD22C4084182BAC7DF98FB.highlight.minted) [60]
Underfull \hbox (badness 2418) in paragraph at lines 3854--3855
\TU/DejaVuSans(0)/m/n/10 You have raw \TU/DejaVuSansMono(0)/m/n/10 Float64 \TU/
DejaVuSans(0)/m/n/10 data with widely varying per-row magnitude, and you want t
o quantize it into
[61]
Chapter 20.
(_minted/64A4EA5EB6532A19C33312092E4AF3AF.highlight.minted) [62]
(_minted/2D0B52BD17BFCE453CF4D827A62BB8A6.highlight.minted)
(_minted/672A14395B5D0CE3F396D2DF353F252D.highlight.minted)
(_minted/67035D4DF2E4AE363A6E23B840876D89.highlight.minted) [63]
(_minted/0FF95AA87C316FCFA1D126DF714E6DA6.highlight.minted) [64]
Chapter 21.
(_minted/98F5386DDD47ED287FCD3503E5ED435A.highlight.minted)
(_minted/969287AC9A21E1BA4FE18B32B9454BF7.highlight.minted)
(_minted/CD195A88CD88B34301915FA586BF6901.highlight.minted)
(_minted/903E98343CB44DA205E5AA24F0AAAADC.highlight.minted) [65] [66]
Chapter 22.

Underfull \hbox (badness 2521) in paragraph at lines 4328--4329
[]\TU/DejaVuSans(0)/b/n/10 2. Always convert — never reinterpret. \TU/DejaVuSan
sMono(0)/m/n/10 Convert \TU/DejaVuSans(0)/m/n/10 is a real conversion: \TU/Deja
VuSansMono(0)/m/n/10 Float16(1.5) \TU/DejaVuSans(0)/m/n/10 becomes
(_minted/775874F3E0CFBA2907973AC955E13448.highlight.minted) [67] [68] [69]
Chapter 23.
(_minted/18B4172FA3C710074D143229FC286855.highlight.minted)
(_minted/0A534092327EE7E8E91F065D7370CA12.highlight.minted) [70] [71]
Chapter 24.

Underfull \hbox (badness 1320) in paragraph at lines 4545--4546
[]\TU/DejaVuSansMono(0)/m/n/10 register_approx!(name, opname, resultformat, ope
randformats, ρ, fn; κ) \TU/DejaVuSans(0)/m/n/10 to register the imple-
(_minted/D8C1FB07270C1C16C7D11FDB4554BAD9.highlight.minted)
(_minted/E5E3760E94EF4614E4019DC8A32C2DC9.highlight.minted)
(_minted/B54C23B409B53940A87F373B47338EB3.highlight.minted)
(_minted/BF094D000FAD948FA33DBF4F0930465C.highlight.minted) [72]
(_minted/3C92010AF59B21D1DF1812F21BEF484C.highlight.minted) [73] [74]
Chapter 25.
(_minted/B2856C8351738DD764D1ACCBC723A4CB.highlight.minted)
(_minted/315C24495126DACD5BE3810CAD42ACED.highlight.minted) [75] [76]
Chapter 26.
[77] [78] [79]
Chapter 27.
(_minted/7CE0FE75334FAE7582C9B725CA897FC0.highlight.minted)
(_minted/B2AC6DED7DEAE7A8CCADE8C287E45F6E.highlight.minted) [80]
(_minted/489DEBC12C96BF57879C8118F5A2EFAB.highlight.minted)
(_minted/B2629356CAADD8D22605B59CE9908EC4.highlight.minted)
(_minted/1BDF700D8D4961E6245F18FC97FAD7EA.highlight.minted)
(_minted/91836817704D6CE4D37B7ABD44DE8AE4.highlight.minted) [81]
(_minted/511CBC6B73DB47881BBAFDB15A1744FB.highlight.minted)
(_minted/6C1807A562D605311454D2C18C9B14D3.highlight.minted) [82]
(_minted/6ECB88C7783E09123598C206D1B8E15D.highlight.minted)
(_minted/0946B41F701D0C5DFE0FC1586B1CAFD4.highlight.minted)
(_minted/4C6543F4000BC78D7314E983FDA251C3.highlight.minted)
(_minted/A9E21D771C22D67F072CAFA2371137EE.highlight.minted)
(_minted/3EDD69D9E693B872B8BED18A5E24DBCB.highlight.minted)
(_minted/3D7129C114B63EFD6EC0D7605C6F089F.highlight.minted) [83]
(_minted/830A701BA754EFA1DF6693599FA9A56B.highlight.minted)
(_minted/E75B007F2E1EF4D12B847ADE884DCEAB.highlight.minted) [84]
(_minted/CE05182F2EFFEFFA350F6EBC197124DA.highlight.minted)
(_minted/9633351306BD22C4084182BAC7DF98FB.highlight.minted)
(_minted/5CA19011C1CAF19DB37E072C46CC8332.highlight.minted)
(_minted/5BEEE1505E530EE895CEA671FD28E705.highlight.minted)
(_minted/1A0BD8E9C34086D3C2BC8CB479E49EFF.highlight.minted)
(_minted/CBE5D79F1C7195DD20C7ACDE83986D84.highlight.minted) [85]
(_minted/C4A88D709FB44F76F04D11F0E20E97C5.highlight.minted)
(_minted/D63783A76A3005DA449D584C9A70D93E.highlight.minted)
(_minted/C72F32E9791BD61790293E2B78509B83.highlight.minted)
(_minted/E4828DF9129A5DF96CBE92952A01A820.highlight.minted) [86]
Chapter 28.

Underfull \hbox (badness 1881) in paragraph at lines 5597--5598
\TU/DejaVuSans(0)/m/n/10 Internals-level recipes: pipeline introspection, exhau
stive verification of your own code, κ measurement,

Underfull \hbox (badness 2035) in paragraph at lines 5597--5598
\TU/DejaVuSans(0)/m/n/10 and doctrine-compliant benchmarking. These use unexpor
ted names (\TU/DejaVuSansMono(0)/m/n/10 SmallFloats.round_to_precision\TU/DejaV
uSans(0)/m/n/10 ,
(_minted/6E5DEB97B02B4DA5E62FE96C955BAE61.highlight.minted)
(_minted/CD10FACBC157C89FC48F02ED77225FBE.highlight.minted)
(_minted/B84DA269CFFD07153F1E0CC5C24C7574.highlight.minted) [87]
(_minted/F067CBB10162A225F20946BA40DE0784.highlight.minted)
(_minted/39A3F4AB0EE64B97869F63EC5D8AA849.highlight.minted)
(_minted/5E95A57CA64D472425E61EAEC75237EB.highlight.minted)
(_minted/17FE4968B0468E716E0DC9AC3E0D4C60.highlight.minted)
(_minted/975206E24CD7374FFE41B861B2661F40.highlight.minted)
(_minted/8708480A8027601187CC5DF7D3B04740.highlight.minted) [88]
(_minted/C4804E5F877B15BB6676338177CA6899.highlight.minted)
(_minted/17FE4968B0468E716E0DC9AC3E0D4C60.highlight.minted) [89]
(_minted/9A1A236A3CE94F4B8D5D0A29816F48D9.highlight.minted)
(_minted/E0DABDB69462EAC2D46589B478202797.highlight.minted)
(_minted/EB85BCF762F15CC5BF6883CD4D7607AD.highlight.minted)
(_minted/5DA60DBD8716BF6814A2D6E74F472B33.highlight.minted)
(_minted/18B4172FA3C710074D143229FC286855.highlight.minted) [90]
(_minted/3010A19865BD05CA72A515021F68A2C3.highlight.minted)
(_minted/17FE4968B0468E716E0DC9AC3E0D4C60.highlight.minted)
(_minted/8DBC868E46947A5C99C88474FBCAB914.highlight.minted)
(_minted/05D570C6A3EF8CE12104C2330266F864.highlight.minted)
(_minted/A41E58838A436308495231F8C1D8948B.highlight.minted)
(_minted/5629BD859A40512610090C03F3E83041.highlight.minted) [91]
(_minted/7D323C90275D3D8E862D103B0DB09586.highlight.minted)
(_minted/803CEB4EA91E6328173314495AD188D1.highlight.minted)
(_minted/A7975FFF826CF2E0B041466DF0CA5077.highlight.minted) [92]
(_minted/ECDBF304A9309D605A42E3A353466F71.highlight.minted)
(_minted/3AE8DD3D2E83204974E9177CE6DA0FFE.highlight.minted) [93]
Chapter 29.
[94]

LaTeX Warning: `h' float specifier changed to `ht'.


LaTeX Warning: `h' float specifier changed to `ht'.


LaTeX Warning: `h' float specifier changed to `ht'.

[95] [96] [97]

LaTeX Warning: `h' float specifier changed to `ht'.

[98] [99] [100] [101] [102] [103] [104] [105]
Chapter 30.
[106] (_minted/81887979057A8F123C2C0B5BDBCC2879.highlight.minted) [107]
(_minted/2421E1FE62E2C37C4DEA48BF62711E79.highlight.minted) [108]
Chapter 31.
(_minted/A4E24BC5E767FE3E605019CBAFF2B867.highlight.minted) [109]
(_minted/B42EFAB219D7D8C31D90A7A3919D3FAB.highlight.minted)
Overfull \hbox (6.05873pt too wide) in paragraph at lines 7531--7531
[]\TU/DejaVuSansMono(0)/m/n/8 SatFinite|  

Overfull \hbox (17.4464pt too wide) in paragraph at lines 7531--7531
[]\TU/DejaVuSansMono(0)/m/n/8 SatPropagate|  
(_minted/AC89DD86AF72D0E9D4671681C8FEDEC9.highlight.minted) [110] [111]
Chapter 32.
[112] [113]
Overfull \hbox (4.49115pt too wide) in paragraph at lines 7727--7727
[]\TU/DejaVuSansMono(0)/m/n/8 Convert|  
[114] (_minted/434F98B2D19F00BC34F5684DC117671E.highlight.minted)
(_minted/64CFB99CDC1459C3490F723891470030.highlight.minted) [115]
Chapter 33.
[116] (_minted/EE0901194FF4CEC2D2DB9A84262BD525.highlight.minted) [117]
[118]
Chapter 34.
(_minted/68F567E3D0BF461BFD4FA129693AF3C9.highlight.minted) [119]
(_minted/7DBC3CF8A30ADB6DE2A2EA6560B72C5F.highlight.minted)
(_minted/D5CA60D28354773B64A724EF69D5A173.highlight.minted) [120] [121]
Chapter 35.
(_minted/44A871ED9745DEE2D94F52A019F3B24E.highlight.minted)
(_minted/BAC6B85A2DC59563BC94CD3E3540C540.highlight.minted) [122]
(_minted/C4C92493AA74C743CFA892480B961E1B.highlight.minted)
(_minted/5E870956A8C745F611924C32CF17F535.highlight.minted)
(_minted/BB08DB9C4248C9F1B32AFCFD6EF2AA22.highlight.minted) [123]
(_minted/E8EBB0FEE1FCD75297FFAC4A9D1FAAAA.highlight.minted)
(_minted/C347E779508DF882C4F18A6224B7F88A.highlight.minted) [124] [125]
Chapter 36.

Overfull \hbox (0.99739pt too wide) in paragraph at lines 8588--8588
[]\TU/DejaVuSansMono(0)/m/n/8 conformance_ 

Overfull \hbox (0.99739pt too wide) in paragraph at lines 8588--8588
[]\TU/DejaVuSansMono(0)/m/n/8 conformance_ 
[126] (_minted/D5B99D607C60EA70D474495112E02A2A.highlight.minted) [127]
Chapter 37.
[128] (_minted/3D8EDFC8911B49BC3BE4D7F3CDF8D537.highlight.minted) [129]
(_minted/4E4A257153BB4F80229E3AC885759FD1.highlight.minted)
(_minted/9B2318B5FCDE22808044A62E74268E2A.highlight.minted)
Underfull \hbox (badness 10000) in paragraph at lines 9011--9012
[]\TU/DejaVuSans(0)/m/n/10 Consequently \TU/DejaVuSansMono(0)/m/n/10 Binary8p4s
e === Binary{8,4,true,true} \TU/DejaVuSans(0)/m/n/10 is \TU/DejaVuSansMono(0)/b
/n/10 false \TU/DejaVuSans(0)/m/n/10 and \TU/DejaVuSansMono(0)/m/n/10 Binary8p4
se <:
[130] (_minted/DA84ED7F5B964A851E9F0089CA5424B6.highlight.minted)
(_minted/8CF6CC4C2F9015D972DDF8B41FE9E8EB.highlight.minted)
(_minted/B817239F7ABD5CEEEE05846468F51307.highlight.minted)
(_minted/F17BF4EA152129A524F3F05ADC653AF7.highlight.minted) [131]
(_minted/500ACE807AC25E67DD8C784C14CB43A2.highlight.minted)
Underfull \hbox (badness 10000) in paragraph at lines 9135--9136
[]\TU/DejaVuSans(0)/m/n/10 Bit-packed storage of \TU/DejaVuSansMono(0)/m/n/10 F
 \TU/DejaVuSans(0)/m/n/10 code points at \TU/DejaVuSansMono(0)/m/n/10 bitwidth(
F) \TU/DejaVuSans(0)/m/n/10 bits per element. Construct with

Underfull \hbox (badness 1024) in paragraph at lines 9135--9136
\TU/DejaVuSansMono(0)/m/n/10 PackedVector(A::AbstractVector{F})\TU/DejaVuSans(0
)/m/n/10 ; recover with \TU/DejaVuSansMono(0)/m/n/10 Vector(pv) \TU/DejaVuSans(
0)/m/n/10 or \TU/DejaVuSansMono(0)/m/n/10 collect(pv)\TU/DejaVuSans(0)/m/n/10 .
 Memory: \TU/DejaVuSansMono(0)/m/n/10 ⌈n·K/64⌉
(_minted/27384C3438443A7C3FD1147C706A3956.highlight.minted) [132]
(_minted/B4851015F49166FFFB4AB087D6D7AD14.highlight.minted)
(_minted/ADF06B8D8C96462D5D66D51472F06BE3.highlight.minted)
(_minted/1D2D0BE82E5D08930D2D01C995E8F855.highlight.minted)
Underfull \hbox (badness 10000) in paragraph at lines 9393--9394
[]\TU/DejaVuSans(0)/m/n/10 The session[]s default projection specification. Ini
tialized to \TU/DejaVuSansMono(0)/m/n/10 (DefaultRoundingMode(),
(_minted/50B1E584549F0A65A79028643319AF81.highlight.minted) [133]
(_minted/3951D073956ADE3CFDA8346DA78D9635.highlight.minted)
Underfull \hbox (badness 6708) in paragraph at lines 9431--9432
[]\TU/DejaVuSans(0)/m/n/10 The session[]s default rounding mode. Initialized to
 \TU/DejaVuSansMono(0)/m/n/10 NearestTiesToEven()\TU/DejaVuSans(0)/m/n/10 . Set
ting it rebuilds
(_minted/493609A9E8C9B8D0F52DA46C608D5C89.highlight.minted) [134]
(_minted/8A1685A58467325C92FF33B8674E72B6.highlight.minted)
(_minted/AC0BF8C4F187E02A8E37BA5DCEFDAA86.highlight.minted)
(_minted/3395B8DD539B0D08DE0E60009BCAA0D4.highlight.minted) [135]
(_minted/5020B919D890AF99F312B6A4D56A59C7.highlight.minted)
(_minted/6CDC1C9D54444AA8B2BD0AF4ABE533D7.highlight.minted)
(_minted/D799BE5380ED22876934684D07FE70A5.highlight.minted)
(_minted/1FDE9520D6BA748318CA29D5001219D5.highlight.minted) [136]
(_minted/4C58E1F2F796AD68EA608EDF3338800F.highlight.minted)
(_minted/6BD2A1F33ECC4A81085B84E368B54751.highlight.minted)
(_minted/EA2783ECFFC455552DE3F9AFBB059A4E.highlight.minted) [137]
(_minted/65115E4900627F96E702856F9A15B77A.highlight.minted)
(_minted/99BA869717DF25CA14FA37563C0243E7.highlight.minted)
(_minted/8303050E3C9D0934661117779526CACF.highlight.minted) [138]
(_minted/D61226457AF0A3D7BCE395BBF24CA11D.highlight.minted)
(_minted/692389A62347CE07EE15B86FA8CAEDD4.highlight.minted)
(_minted/A2D57E94DA11DFB3E2FC0B232AC1FC23.highlight.minted)
(_minted/061D4BE9944CDAF7F8226CED5F86821D.highlight.minted)
(_minted/A2D57E94DA11DFB3E2FC0B232AC1FC23.highlight.minted)
(_minted/061D4BE9944CDAF7F8226CED5F86821D.highlight.minted) [139]
(_minted/A2D57E94DA11DFB3E2FC0B232AC1FC23.highlight.minted)
(_minted/061D4BE9944CDAF7F8226CED5F86821D.highlight.minted) [140]
Chapter 38.
[141] (_minted/291A7DF0DD16380AC41C4E33CECDB0D8.highlight.minted) [142]
(_minted/EC5F2B9493683BA11E975CE3A7510F70.highlight.minted)
(_minted/A9A1203CAC9B3C48508604877047DC38.highlight.minted) [143]
(_minted/A611BC16932152062E5171CCB0C549C6.highlight.minted) [144] [145]
(_minted/52CD0037C73FFD21C48DBD0D71557CCF.highlight.minted)
(_minted/B452BD08A34BB12A8D652F7EAA85692F.highlight.minted)
(_minted/26A0129FC464C136444901767C85FBB2.highlight.minted) [146]
(_minted/3587817B6E57F827CFE08BD09D73AE78.highlight.minted)
(_minted/9F5C467384CF421CCFBD9416454568C3.highlight.minted)
(_minted/9283AF52A4C095F3AF7F02CBAEC45FF2.highlight.minted) [147]
(_minted/CAB1FF1DFD3A3272A4320BAD2FD79021.highlight.minted)
(_minted/838C85DE25BA816E2A40DB35D035CDDE.highlight.minted)
(_minted/25A3F1DD5D828DC00D2567826DE6A95E.highlight.minted) [148]
(_minted/79E5AF4E176F1B2AAE9949EBB5F5FFE2.highlight.minted)
(_minted/26E973B05B9A423BDC7927B1C2FC7452.highlight.minted)
(_minted/E233F2B9FB22E781AC6421776FCBE0DC.highlight.minted) [149]
(_minted/8BBCCA78940A1F9E8529127B8CFE96F3.highlight.minted) [150] [151]
Chapter 39.
[152] [153]
Chapter 40.
[154] [155]
Chapter 41.
(_minted/C4C715B646AE81EAE34200482DBF8E06.highlight.minted) [156] [157]
Chapter 42.
(_minted/94A2E0861DC84BAF470950224479F824.highlight.minted) [158] [159]
Chapter 43.

Overfull \hbox (2.25514pt too wide) in paragraph at lines 11889--11889
[]\TU/DejaVuSansMono(0)/m/n/8 Float128|  

Overfull \hbox (6.05104pt too wide) in paragraph at lines 11889--11889
[]\TU/DejaVuSansMono(0)/m/n/8 BigExactF|  

Overfull \hbox (13.6428pt too wide) in paragraph at lines 11889--11889
[]\TU/DejaVuSansMono(0)/m/n/8 Enclose128F|  

Overfull \hbox (2.25514pt too wide) in paragraph at lines 11889--11889
[]\TU/DejaVuSansMono(0)/m/n/8 EncloseF|  
(_minted/640777AD28B3F34A618BDA5D750B0245.highlight.minted) [160] [161]
[162]
Chapter 44.
(_minted/173F932F6C26689A7F55B1BFFA948B72.highlight.minted) [163] [164]
Chapter 45.
(_minted/8A77A4148DF4D8AA21424979FEC62435.highlight.minted)
(_minted/46BD5BF02737EAB8A784E06D10B1C588.highlight.minted) [165]
(_minted/0022200B0D0C17A388D0E2C93C7DC92C.highlight.minted) [166]
(_minted/36DAA2A4A80F5D45CC5E7B59D4D74775.highlight.minted) [167]
(_minted/7F368323C3A9075CB74A8AA5AFA82947.highlight.minted)
Underfull \hbox (badness 3068) in paragraph at lines 12378--12379
\TU/DejaVuSansMono(0)/m/n/10 src/blocks.jl \TU/DejaVuSans(0)/m/n/10 owns block 
construction, scale/element operations, span filtering, exact reductions, and
[168]
Chapter 46.
[169] [170]
Chapter 47.

Underfull \hbox (badness 2096) in paragraph at lines 12554--12555
[]\TU/DejaVuSans(0)/b/n/10 Result-kind protocol. \TU/DejaVuSansMono(0)/m/n/10 ω
eval \TU/DejaVuSans(0)/m/n/10 must return one of \TU/DejaVuSansMono(0)/m/n/10 F
loat64 | Float128 | StickyF | BigExactF |
[171] [172] (_minted/EFAFD071196D1E82E11848E90EA16666.highlight.minted)
(_minted/C70CCC5230288AD08E65CAC495A1B947.highlight.minted) [173]
(_minted/A966D19E87C2ACF4AB953BDE7C18074E.highlight.minted) [174]
(_minted/213AFF2DC68558247EC5EF5DA3BBA7E7.highlight.minted) [175]
(_minted/E8B4B1418C167EF1CCF0A0C06D5CB2FA.highlight.minted) [176]
(_minted/FDF9670465E7EDB978A8303006B6DD00.highlight.minted) [177]
Underfull \hbox (badness 3209) in paragraph at lines 12967--12968
[]\TU/DejaVuSansMono(0)/m/n/10 conformance_report() \TU/DejaVuSans(0)/m/n/10 sh
ows the op (automatic for registry ops; manual block additions extend
[178]
Chapter 48.
(_minted/86504FC3046518FD55D1AE1E9A7BC99D.highlight.minted)
(_minted/17FE4968B0468E716E0DC9AC3E0D4C60.highlight.minted)
(_minted/3010A19865BD05CA72A515021F68A2C3.highlight.minted)
(_minted/17FE4968B0468E716E0DC9AC3E0D4C60.highlight.minted) [179]
(_minted/8DBC868E46947A5C99C88474FBCAB914.highlight.minted)
(_minted/05D570C6A3EF8CE12104C2330266F864.highlight.minted)
(_minted/56E39D81E5DCB13EA60145DD8E59C6A0.highlight.minted)
(_minted/17FE4968B0468E716E0DC9AC3E0D4C60.highlight.minted) [180]
(_minted/975206E24CD7374FFE41B861B2661F40.highlight.minted)
(_minted/8708480A8027601187CC5DF7D3B04740.highlight.minted) [181] [182]
Chapter 49.
(_minted/3485C37D80F15E4B03F571274355BB9A.highlight.minted) [183] [184]
Chapter 50.
[185]
Overfull \hbox (10.51349pt too wide) in paragraph at lines 13385--13385
[]\TU/DejaVuSans(0)/m/n/8 CODEC- 

Overfull \hbox (10.51349pt too wide) in paragraph at lines 13385--13385
[]\TU/DejaVuSans(0)/m/n/8 CODEC- 

Overfull \hbox (10.51349pt too wide) in paragraph at lines 13385--13385
[]\TU/DejaVuSans(0)/m/n/8 CODEC- 

Overfull \hbox (10.21486pt too wide) in paragraph at lines 13385--13385
[]\TU/DejaVuSans(0)/m/n/8 ORDER- 

Overfull \hbox (7.40411pt too wide) in paragraph at lines 13385--13385
[]\TU/DejaVuSans(0)/m/n/8 TABLE- 

Overfull \hbox (15.35301pt too wide) in paragraph at lines 13385--13385
[]\TU/DejaVuSans(0)/m/n/8 CARRIER- 

Overfull \hbox (3.70059pt too wide) in paragraph at lines 13385--13385
[]\TU/DejaVuSans(0)/m/n/8 PERF- 
[186] [187]
Chapter 51.
[188]
Underfull \hbox (badness 2698) in paragraph at lines 13474--13475
[]\TU/DejaVuSans(0)/b/n/10 Symptom: \TU/DejaVuSansMono(0)/b/n/10 Vector{Binary{
K,P,Σ,Δ}}(undef, n) \TU/DejaVuSans(0)/b/n/10 silently boxes every element, even
 though you
[189] (_minted/9FD400FADD16754DA56184AEA6609DB1.highlight.minted) [190]
Chapter 52.
(_minted/E40B68BDD2C01F218F6A9E6E453847C0.highlight.minted)
(_minted/2309B7DDA116789644A845715C2FA661.highlight.minted)
(_minted/F52789D021B5D1B08E850AB1F544D53B.highlight.minted) [191]
(_minted/68647968D08E8EDBF4E1A36A8F346780.highlight.minted)
(_minted/579BF17CE8B0F428E0BD4D8730676B2B.highlight.minted)
(_minted/C291FB4AC814D8E2CA46F3589F865110.highlight.minted)
(_minted/4C707D85B9FAF50ECFD9C2A2ACE00BFE.highlight.minted) [192]
(_minted/1E695E62CDDC8810D23D298E81632D7F.highlight.minted)
(_minted/04218E3F5286822AD133BD55085A29A4.highlight.minted)
(_minted/66271AF36FA53C58A09087B87B63C5CF.highlight.minted) [193]
(_minted/4C7B05E18DE931B67C086C4FB7251A52.highlight.minted)
(_minted/68F567E3D0BF461BFD4FA129693AF3C9.highlight.minted)
Underfull \hbox (badness 3039) in paragraph at lines 13894--13895
[]\TU/DejaVuSans(0)/m/n/10 Setting a rounding/saturation component rebuilds \TU
/DejaVuSansMono(0)/m/n/10 DefaultProjection\TU/DejaVuSans(0)/m/n/10 ; setting \
TU/DejaVuSansMono(0)/m/n/10 DefaultProjection! \TU/DejaVuSans(0)/m/n/10 di-

Underfull \hbox (badness 1817) in paragraph at lines 13894--13895
\TU/DejaVuSans(0)/m/n/10 rectly updates both components. Always: \TU/DejaVuSans
Mono(0)/m/n/10 DefaultProjection() === ProjSpec(DefaultRoundingMode(),
(_minted/D5CA60D28354773B64A724EF69D5A173.highlight.minted) [194]
(_minted/FB8D488D0F6F33735979C7C62DBA50E8.highlight.minted)
Overfull \hbox (1.30995pt too wide) in paragraph at lines 13950--13950
[]\TU/DejaVuSans(0)/m/n/8 Ternary|  
(_minted/5F497B5D9E27C4C2218B2C72EA199CF4.highlight.minted)
(_minted/C691A956D02ECD203C4E932A2A759FCF.highlight.minted) [195]
(_minted/5F6EA2BFFA0C430E6E0491F2C9F249EB.highlight.minted)
(_minted/6B80485BF866A3E23B664DAFDC851388.highlight.minted)
(_minted/EE0901194FF4CEC2D2DB9A84262BD525.highlight.minted)
(_minted/A46E2A5EC78317FEE9ECCCC5DAB0BEE1.highlight.minted)
(_minted/5AD90EF4073A9F25C390B0F227B98C33.highlight.minted)
(_minted/363979A81B24883CFEEC60DBE21D7651.highlight.minted) [196]
Overfull \hbox (37.17235pt too wide) in paragraph at lines 14155--14155
[]\TU/DejaVuSansMono(0)/m/n/8 Vector{Binary{K,P,Σ,Δ}}(undef, 
[197]
Chapter 53.

LaTeX Warning: `h' float specifier changed to `ht'.

[198] [199]
Chapter 54.
[200] [201] (main.aux)

LaTeX Warning: Label(s) may have changed. Rerun to get cross-references right.


Package rerunfilecheck Warning: File `main.out' has changed.
(rerunfilecheck)                Rerun to get outlines right
(rerunfilecheck)                or use package `bookmark'.

 )
(see the transcript file for additional information)
Output written on main.xdv (203 pages, 4494600 bytes).
Transcript written on main.log.
Latexmk: Getting log file 'main.log'
Latexmk: Examining 'main.fls'
Latexmk: Examining 'main.log'
Latexmk: References changed.
Latexmk: Missing input file 'main.toc' message in .log file:
  No file main.toc.
Latexmk: References changed.
Latexmk: References changed.
Latexmk: Log file says output to 'main.xdv'
Latexmk: Using bibtex to make bibliography file(s).
Latexmk: applying rule 'xelatex'...
Rule 'xelatex':  Reasons for rerun
Changed files or newly in use/created:
  main.aux
  main.out
  main.toc

------------
Run number 2 of rule 'xelatex'
------------
------------
Running 'xelatex -no-pdf -shell-escape -interaction=nonstopmode -halt-on-error -recorder  "main.tex"'
------------
This is XeTeX, Version 3.141592653-2.6-0.999998 (MiKTeX 26.5) (preloaded format=xelatex.fmt)
 \write18 enabled.
entering extended mode
(main.tex
LaTeX2e <2026-06-01>
L3 programming layer <2026-07-20>
(preamble.tex
(C:\Users\MrJSa\AppData\Local\Programs\MiKTeX\tex/latex/memoir\memoir.cls
Document Class: memoir 2025/11/04 v3.8.4b configurable book, report, article do
cument class
(C:\Users\MrJSa\AppData\Local\Programs\MiKTeX\tex/latex/xpatch\xpatch.sty
(C:\Users\MrJSa\AppData\Local\Programs\MiKTeX\tex/latex/l3kernel\expl3.sty
(C:\Users\MrJSa\AppData\Local\Programs\MiKTeX\tex/latex/l3backend\l3backend-xet
ex.def))
(C:\Users\MrJSa\AppData\Local\Programs\MiKTeX\tex/latex/l3packages/xparse\xpars
e.sty)
(C:\Users\MrJSa\AppData\Local\Programs\MiKTeX\tex/latex/etoolbox\etoolbox.sty))
(C:\Users\MrJSa\AppData\Local\Programs\MiKTeX\tex/generic/iftex\iftex.sty)
(C:\Users\MrJSa\AppData\Local\Programs\MiKTeX\tex/latex/memoir\mem10.clo)
(C:\Users\MrJSa\AppData\Local\Programs\MiKTeX\tex/latex/tools\array.sty)
(C:\Users\MrJSa\AppData\Local\Programs\MiKTeX\tex/latex/tools\dcolumn.sty)
(C:\Users\MrJSa\AppData\Local\Programs\MiKTeX\tex/latex/tools\delarray.sty)
(C:\Users\MrJSa\AppData\Local\Programs\MiKTeX\tex/latex/tools\tabularx.sty)
(C:\Users\MrJSa\AppData\Local\Programs\MiKTeX\tex/latex/booktabs\booktabs.sty)
(C:\Users\MrJSa\AppData\Local\Programs\MiKTeX\tex/latex/hyperref\nameref.sty
(C:\Users\MrJSa\AppData\Local\Programs\MiKTeX\tex/latex/refcount\refcount.sty
(C:\Users\MrJSa\AppData\Local\Programs\MiKTeX\tex/generic/ltxcmds\ltxcmds.sty)
(C:\Users\MrJSa\AppData\Local\Programs\MiKTeX\tex/generic/infwarerr\infwarerr.s
ty))
(C:\Users\MrJSa\AppData\Local\Programs\MiKTeX\tex/generic/gettitlestring\gettit
lestring.sty
(C:\Users\MrJSa\AppData\Local\Programs\MiKTeX\tex/latex/kvoptions\kvoptions.sty
(C:\Users\MrJSa\AppData\Local\Programs\MiKTeX\tex/latex/graphics\keyval.sty)
(C:\Users\MrJSa\AppData\Local\Programs\MiKTeX\tex/latex/kvsetkeys\kvsetkeys.sty
)))) (C:\Users\MrJSa\AppData\Local\Programs\MiKTeX\tex/latex/tools\verbatim.sty
) (C:\Users\MrJSa\AppData\Local\Programs\MiKTeX\tex/latex/base\shortvrb.sty))
(documenter.sty
(C:\Users\MrJSa\AppData\Local\Programs\MiKTeX\tex/latex/fontspec\fontspec.sty
(C:\Users\MrJSa\AppData\Local\Programs\MiKTeX\tex/latex/fontspec\fontspec-xetex
.sty (C:\Users\MrJSa\AppData\Local\Programs\MiKTeX\tex/latex/base\fontenc.sty)
(C:\Users\MrJSa\AppData\Local\Programs\MiKTeX\tex/latex/fontspec\fontspec.cfg))
)
(C:\Users\MrJSa\AppData\Local\Programs\MiKTeX\tex/latex/newunicodechar\newunico
dechar.sty)
(C:\Users\MrJSa\AppData\Local\Programs\MiKTeX\tex/latex/polyglossia\polyglossia
.sty
(C:\Users\MrJSa\AppData\Local\Programs\MiKTeX\tex/latex/polyglossia\gloss-latex
.ldf))
(C:\Users\MrJSa\AppData\Local\Programs\MiKTeX\tex/latex/xcolor\xcolor.sty
(C:\Users\MrJSa\AppData\Local\Programs\MiKTeX\tex/latex/graphics-cfg\color.cfg)
(C:\Users\MrJSa\AppData\Local\Programs\MiKTeX\tex/latex/graphics-def\xetex.def)
 (C:\Users\MrJSa\AppData\Local\Programs\MiKTeX\tex/latex/graphics\mathcolor.ltx
)) (C:\Users\MrJSa\AppData\Local\Programs\MiKTeX\tex/latex/amsmath\amsmath.sty
For additional information on amsmath, use the `?' option.
(C:\Users\MrJSa\AppData\Local\Programs\MiKTeX\tex/latex/amsmath\amstext.sty
(C:\Users\MrJSa\AppData\Local\Programs\MiKTeX\tex/latex/amsmath\amsgen.sty))
(C:\Users\MrJSa\AppData\Local\Programs\MiKTeX\tex/latex/amsmath\amsbsy.sty)
(C:\Users\MrJSa\AppData\Local\Programs\MiKTeX\tex/latex/amsmath\amsopn.sty))
(C:\Users\MrJSa\AppData\Local\Programs\MiKTeX\tex/latex/amsfonts\amssymb.sty
(C:\Users\MrJSa\AppData\Local\Programs\MiKTeX\tex/latex/amsfonts\amsfonts.sty))
 (C:\Users\MrJSa\AppData\Local\Programs\MiKTeX\tex/latex/minted\minted.sty
(C:\Users\MrJSa\AppData\Local\Programs\MiKTeX\tex/generic/catchfile\catchfile.s
ty
(C:\Users\MrJSa\AppData\Local\Programs\MiKTeX\tex/generic/etexcmds\etexcmds.sty
)) (C:\Users\MrJSa\AppData\Local\Programs\MiKTeX\tex/latex/fvextra\fvextra.sty
(C:\Users\MrJSa\AppData\Local\Programs\MiKTeX\tex/latex/fancyvrb\fancyvrb.sty)
(C:\Users\MrJSa\AppData\Local\Programs\MiKTeX\tex/generic/pdftexcmds\pdftexcmds
.sty)
(C:\Users\MrJSa\AppData\Local\Programs\MiKTeX\tex/latex/upquote\upquote.sty
(C:\Users\MrJSa\AppData\Local\Programs\MiKTeX\tex/latex/base\textcomp.sty))
(C:\Users\MrJSa\AppData\Local\Programs\MiKTeX\tex/latex/lineno\lineno.sty))
(C:\Users\MrJSa\AppData\Local\Programs\MiKTeX\tex/latex/latex2pydata\latex2pyda
ta.sty)
(C:\Users\MrJSa\AppData\Local\Programs\MiKTeX\tex/latex/pgf/utilities\pgfkeys.s
ty
(C:\Users\MrJSa\AppData\Local\Programs\MiKTeX\tex/generic/pgf/utilities\pgfkeys
.code.tex
(C:\Users\MrJSa\AppData\Local\Programs\MiKTeX\tex/generic/pgf/utilities\pgfkeys
libraryfiltered.code.tex)))
(C:\Users\MrJSa\AppData\Local\Programs\MiKTeX\tex/latex/pgfopts\pgfopts.sty)
(C:\Users\MrJSa\AppData\Local\Programs\MiKTeX\tex/latex/tools\shellesc.sty)
(C:\Users\MrJSa\AppData\Local\Programs\MiKTeX\tex/latex/float\float.sty))
(C:\Users\MrJSa\AppData\Local\Programs\MiKTeX\tex/latex/tabulary\tabulary.sty)
(C:\Users\MrJSa\AppData\Local\Programs\MiKTeX\tex/latex/hyperref\hyperref.sty
(C:\Users\MrJSa\AppData\Local\Programs\MiKTeX\tex/generic/kvdefinekeys\kvdefine
keys.sty)
(C:\Users\MrJSa\AppData\Local\Programs\MiKTeX\tex/generic/pdfescape\pdfescape.s
ty) (C:\Users\MrJSa\AppData\Local\Programs\MiKTeX\tex/latex/hycolor\hycolor.sty
)
(C:\Users\MrJSa\AppData\Local\Programs\MiKTeX\tex/generic/stringenc\stringenc.s
ty) (C:\Users\MrJSa\AppData\Local\Programs\MiKTeX\tex/latex/hyperref\pd1enc.def
) (C:\Users\MrJSa\AppData\Local\Programs\MiKTeX\tex/generic/intcalc\intcalc.sty
) (C:\Users\MrJSa\AppData\Local\Programs\MiKTeX\tex/latex/hyperref\puenc.def)
(C:\Users\MrJSa\AppData\Local\Programs\MiKTeX\tex/latex/url\url.sty)
(C:\Users\MrJSa\AppData\Local\Programs\MiKTeX\tex/generic/bitset\bitset.sty
(C:\Users\MrJSa\AppData\Local\Programs\MiKTeX\tex/generic/bigintcalc\bigintcalc
.sty)))
(C:\Users\MrJSa\AppData\Local\Programs\MiKTeX\tex/latex/hyperref\hxetex.def
(C:\Users\MrJSa\AppData\Local\Programs\MiKTeX\tex/latex/rerunfilecheck\rerunfil
echeck.sty
(C:\Users\MrJSa\AppData\Local\Programs\MiKTeX\tex/generic/uniquecounter\uniquec
ounter.sty)))
(C:\Users\MrJSa\AppData\Local\Programs\MiKTeX\tex/latex/memoir\memhfixc.sty)

Package hyperref Warning: Option `pdfpagelabels' has already been used,
(hyperref)                setting the option has no effect on input line 58.


Package hyperref Warning: Option `bookmarks' has already been used,
(hyperref)                setting the option has no effect on input line 58.


Package hyperref Warning: Option `hyperindex' has already been used,
(hyperref)                setting the option has no effect on input line 58.


******************************************************
Stock height and width: 794.96999pt by 614.295pt
Top and edge trims: 0pt and 0pt
Page height and width: 794.96999pt by 614.295pt
Text height and width: 622pt by 433pt
Spine and edge margins: 108.405pt and 72.26999pt
Upper and lower margins: 108.405pt and 64.56499pt
Headheight and headsep: 12pt and 24.13501pt
Footskip: 25.29494pt
Columnsep and columnseprule: 10pt and 0pt
Marginparsep and marginparwidth: 7pt and 58.26999pt
Sidecapsep and sidecapwidth: 7pt and 71pt
Sidebarhsep and sidebarwidth: 7pt and 71pt
Sidebarvsep and sidebartopsep: 12pt and 0pt
Sidebarheight: 548.39996pt
Sidefoothsep and sidefootwidth: 7pt and 71pt
Sidefootvsep and sidefootheight: 12pt and 548.39996pt
******************************************************

(C:\Users\MrJSa\AppData\Local\Programs\MiKTeX\tex/latex/graphics\graphicx.sty
(C:\Users\MrJSa\AppData\Local\Programs\MiKTeX\tex/latex/graphics\graphics.sty
(C:\Users\MrJSa\AppData\Local\Programs\MiKTeX\tex/latex/graphics\trig.sty)
(C:\Users\MrJSa\AppData\Local\Programs\MiKTeX\tex/latex/graphics-cfg\graphics.c
fg)))
(C:\Users\MrJSa\AppData\Local\Programs\MiKTeX\tex/latex/adjustbox\adjustbox.sty
(C:\Users\MrJSa\AppData\Local\Programs\MiKTeX\tex/latex/xkeyval\xkeyval.sty
(C:\Users\MrJSa\AppData\Local\Programs\MiKTeX\tex/generic/xkeyval\xkeyval.tex
(C:\Users\MrJSa\AppData\Local\Programs\MiKTeX\tex/generic/xkeyval\xkvutils.tex)
))
(C:\Users\MrJSa\AppData\Local\Programs\MiKTeX\tex/latex/adjustbox\adjcalc.sty)
(C:\Users\MrJSa\AppData\Local\Programs\MiKTeX\tex/latex/adjustbox\trimclip.sty
(C:\Users\MrJSa\AppData\Local\Programs\MiKTeX\tex/latex/collectbox\collectbox.s
ty)
(C:\Users\MrJSa\AppData\Local\Programs\MiKTeX\tex/latex/adjustbox\tc-xetex.def)
)
(C:\Users\MrJSa\AppData\Local\Programs\MiKTeX\tex/latex/ifoddpage\ifoddpage.sty
) (C:\Users\MrJSa\AppData\Local\Programs\MiKTeX\tex/latex/varwidth\varwidth.sty
)
==> First Aid for varwidth.sty applied!
)
(C:\Users\MrJSa\AppData\Local\Programs\MiKTeX\tex/latex/tcolorbox\tcolorbox.sty

(C:\Users\MrJSa\AppData\Local\Programs\MiKTeX\tex/latex/pgf/frontendlayer\tikz.
sty
(C:\Users\MrJSa\AppData\Local\Programs\MiKTeX\tex/latex/pgf/basiclayer\pgf.sty
(C:\Users\MrJSa\AppData\Local\Programs\MiKTeX\tex/latex/pgf/utilities\pgfrcs.st
y
(C:\Users\MrJSa\AppData\Local\Programs\MiKTeX\tex/generic/pgf/utilities\pgfutil
-common.tex)
(C:\Users\MrJSa\AppData\Local\Programs\MiKTeX\tex/generic/pgf/utilities\pgfutil
-latex.def)
(C:\Users\MrJSa\AppData\Local\Programs\MiKTeX\tex/generic/pgf/utilities\pgfrcs.
code.tex
(C:\Users\MrJSa\AppData\Local\Programs\MiKTeX\tex/generic/pgf\pgf.revision.tex)
))
(C:\Users\MrJSa\AppData\Local\Programs\MiKTeX\tex/latex/pgf/basiclayer\pgfcore.
sty
(C:\Users\MrJSa\AppData\Local\Programs\MiKTeX\tex/latex/pgf/systemlayer\pgfsys.
sty
(C:\Users\MrJSa\AppData\Local\Programs\MiKTeX\tex/generic/pgf/systemlayer\pgfsy
s.code.tex
(C:\Users\MrJSa\AppData\Local\Programs\MiKTeX\tex/generic/pgf/systemlayer\pgf.c
fg)
(C:\Users\MrJSa\AppData\Local\Programs\MiKTeX\tex/generic/pgf/systemlayer\pgfsy
s-xetex.def
(C:\Users\MrJSa\AppData\Local\Programs\MiKTeX\tex/generic/pgf/systemlayer\pgfsy
s-dvipdfmx.def
(C:\Users\MrJSa\AppData\Local\Programs\MiKTeX\tex/generic/pgf/systemlayer\pgfsy
s-common-pdf.def))))
(C:\Users\MrJSa\AppData\Local\Programs\MiKTeX\tex/generic/pgf/systemlayer\pgfsy
ssoftpath.code.tex)
(C:\Users\MrJSa\AppData\Local\Programs\MiKTeX\tex/generic/pgf/systemlayer\pgfsy
sprotocol.code.tex))
(C:\Users\MrJSa\AppData\Local\Programs\MiKTeX\tex/generic/pgf/basiclayer\pgfcor
e.code.tex
(C:\Users\MrJSa\AppData\Local\Programs\MiKTeX\tex/generic/pgf/math\pgfmath.code
.tex
(C:\Users\MrJSa\AppData\Local\Programs\MiKTeX\tex/generic/pgf/math\pgfmathutil.
code.tex)
(C:\Users\MrJSa\AppData\Local\Programs\MiKTeX\tex/generic/pgf/math\pgfmathparse
r.code.tex)
(C:\Users\MrJSa\AppData\Local\Programs\MiKTeX\tex/generic/pgf/math\pgfmathfunct
ions.code.tex)
(C:\Users\MrJSa\AppData\Local\Programs\MiKTeX\tex/generic/pgf/math\pgfmathfunct
ions.basic.code.tex)
(C:\Users\MrJSa\AppData\Local\Programs\MiKTeX\tex/generic/pgf/math\pgfmathfunct
ions.trigonometric.code.tex)
(C:\Users\MrJSa\AppData\Local\Programs\MiKTeX\tex/generic/pgf/math\pgfmathfunct
ions.random.code.tex)
(C:\Users\MrJSa\AppData\Local\Programs\MiKTeX\tex/generic/pgf/math\pgfmathfunct
ions.comparison.code.tex)
(C:\Users\MrJSa\AppData\Local\Programs\MiKTeX\tex/generic/pgf/math\pgfmathfunct
ions.base.code.tex)
(C:\Users\MrJSa\AppData\Local\Programs\MiKTeX\tex/generic/pgf/math\pgfmathfunct
ions.round.code.tex)
(C:\Users\MrJSa\AppData\Local\Programs\MiKTeX\tex/generic/pgf/math\pgfmathfunct
ions.misc.code.tex)
(C:\Users\MrJSa\AppData\Local\Programs\MiKTeX\tex/generic/pgf/math\pgfmathfunct
ions.integerarithmetics.code.tex)
(C:\Users\MrJSa\AppData\Local\Programs\MiKTeX\tex/generic/pgf/math\pgfmathcalc.
code.tex)
(C:\Users\MrJSa\AppData\Local\Programs\MiKTeX\tex/generic/pgf/math\pgfmathfloat
.code.tex))
(C:\Users\MrJSa\AppData\Local\Programs\MiKTeX\tex/generic/pgf/math\pgfint.code.
tex)
(C:\Users\MrJSa\AppData\Local\Programs\MiKTeX\tex/generic/pgf/basiclayer\pgfcor
epoints.code.tex)
(C:\Users\MrJSa\AppData\Local\Programs\MiKTeX\tex/generic/pgf/basiclayer\pgfcor
epathconstruct.code.tex)
(C:\Users\MrJSa\AppData\Local\Programs\MiKTeX\tex/generic/pgf/basiclayer\pgfcor
epathusage.code.tex)
(C:\Users\MrJSa\AppData\Local\Programs\MiKTeX\tex/generic/pgf/basiclayer\pgfcor
escopes.code.tex)
(C:\Users\MrJSa\AppData\Local\Programs\MiKTeX\tex/generic/pgf/basiclayer\pgfcor
egraphicstate.code.tex)
(C:\Users\MrJSa\AppData\Local\Programs\MiKTeX\tex/generic/pgf/basiclayer\pgfcor
etransformations.code.tex)
(C:\Users\MrJSa\AppData\Local\Programs\MiKTeX\tex/generic/pgf/basiclayer\pgfcor
equick.code.tex)
(C:\Users\MrJSa\AppData\Local\Programs\MiKTeX\tex/generic/pgf/basiclayer\pgfcor
eobjects.code.tex)
(C:\Users\MrJSa\AppData\Local\Programs\MiKTeX\tex/generic/pgf/basiclayer\pgfcor
epathprocessing.code.tex)
(C:\Users\MrJSa\AppData\Local\Programs\MiKTeX\tex/generic/pgf/basiclayer\pgfcor
earrows.code.tex)
(C:\Users\MrJSa\AppData\Local\Programs\MiKTeX\tex/generic/pgf/basiclayer\pgfcor
eshade.code.tex)
(C:\Users\MrJSa\AppData\Local\Programs\MiKTeX\tex/generic/pgf/basiclayer\pgfcor
eimage.code.tex)
(C:\Users\MrJSa\AppData\Local\Programs\MiKTeX\tex/generic/pgf/basiclayer\pgfcor
eexternal.code.tex)
(C:\Users\MrJSa\AppData\Local\Programs\MiKTeX\tex/generic/pgf/basiclayer\pgfcor
elayers.code.tex)
(C:\Users\MrJSa\AppData\Local\Programs\MiKTeX\tex/generic/pgf/basiclayer\pgfcor
etransparency.code.tex)
(C:\Users\MrJSa\AppData\Local\Programs\MiKTeX\tex/generic/pgf/basiclayer\pgfcor
epatterns.code.tex)
(C:\Users\MrJSa\AppData\Local\Programs\MiKTeX\tex/generic/pgf/basiclayer\pgfcor
erdf.code.tex)))
(C:\Users\MrJSa\AppData\Local\Programs\MiKTeX\tex/generic/pgf/modules\pgfmodule
shapes.code.tex)
(C:\Users\MrJSa\AppData\Local\Programs\MiKTeX\tex/generic/pgf/modules\pgfmodule
plot.code.tex)
(C:\Users\MrJSa\AppData\Local\Programs\MiKTeX\tex/latex/pgf/compatibility\pgfco
mp-version-0-65.sty)
(C:\Users\MrJSa\AppData\Local\Programs\MiKTeX\tex/latex/pgf/compatibility\pgfco
mp-version-1-18.sty))
(C:\Users\MrJSa\AppData\Local\Programs\MiKTeX\tex/latex/pgf/utilities\pgffor.st
y (C:\Users\MrJSa\AppData\Local\Programs\MiKTeX\tex/latex/pgf/math\pgfmath.sty
(C:\Users\MrJSa\AppData\Local\Programs\MiKTeX\tex/generic/pgf/math\pgfmath.code
.tex))
(C:\Users\MrJSa\AppData\Local\Programs\MiKTeX\tex/generic/pgf/utilities\pgffor.
code.tex))
(C:\Users\MrJSa\AppData\Local\Programs\MiKTeX\tex/generic/pgf/frontendlayer/tik
z\tikz.code.tex
(C:\Users\MrJSa\AppData\Local\Programs\MiKTeX\tex/generic/pgf/libraries\pgflibr
aryplothandlers.code.tex)
(C:\Users\MrJSa\AppData\Local\Programs\MiKTeX\tex/generic/pgf/modules\pgfmodule
matrix.code.tex)
(C:\Users\MrJSa\AppData\Local\Programs\MiKTeX\tex/generic/pgf/frontendlayer/tik
z/libraries\tikzlibrarytopaths.code.tex)))
(C:\Users\MrJSa\AppData\Local\Programs\MiKTeX\tex/latex/environ\environ.sty
(C:\Users\MrJSa\AppData\Local\Programs\MiKTeX\tex/latex/trimspaces\trimspaces.s
ty)))) (custom.sty

******************************************************
Stock height and width: 794.96999pt by 614.295pt
Top and edge trims: 0pt and 0pt
Page height and width: 794.96999pt by 614.295pt
Text height and width: 646pt by 455pt
Spine and edge margins: 79.49744pt and 79.49744pt
Upper and lower margins: 83.11005pt and 65.85994pt
Headheight and headsep: 12pt and 27.74762pt
Footskip: 25.29494pt
Columnsep and columnseprule: 10pt and 0pt
Marginparsep and marginparwidth: 7pt and 65.49744pt
Sidecapsep and sidecapwidth: 7pt and 71pt
Sidebarhsep and sidebarwidth: 7pt and 71pt
Sidebarvsep and sidebartopsep: 12pt and 0pt
Sidebarheight: 548.39996pt
Sidefoothsep and sidefootwidth: 7pt and 71pt
Sidefootvsep and sidefootheight: 12pt and 548.39996pt
******************************************************

) (main.aux) (main.out) (main.out) [1] (main.toc
(C:\Users\MrJSa\AppData\Local\Programs\MiKTeX\tex/latex/amsfonts\umsa.fd)
(C:\Users\MrJSa\AppData\Local\Programs\MiKTeX\tex/latex/amsfonts\umsb.fd)
[2] [3]
Overfull \hbox (4.23534pt too wide) detected at line 303
 \TU/DejaVuSans(0)/b/n/10 106

Overfull \hbox (2.82689pt too wide) detected at line 304
 \TU/DejaVuSans(0)/m/n/10 106

Overfull \hbox (4.23534pt too wide) detected at line 311
 \TU/DejaVuSans(0)/b/n/10 109

Overfull \hbox (2.82689pt too wide) detected at line 312
 \TU/DejaVuSans(0)/m/n/10 109

Overfull \hbox (4.23534pt too wide) detected at line 320
 \TU/DejaVuSans(0)/b/n/10 112

Overfull \hbox (2.82689pt too wide) detected at line 321
 \TU/DejaVuSans(0)/m/n/10 112

Overfull \hbox (4.23534pt too wide) detected at line 330
 \TU/DejaVuSans(0)/b/n/10 116

Overfull \hbox (2.82689pt too wide) detected at line 331
 \TU/DejaVuSans(0)/m/n/10 116

Overfull \hbox (4.23534pt too wide) detected at line 339
 \TU/DejaVuSans(0)/b/n/10 119

Overfull \hbox (2.82689pt too wide) detected at line 340
 \TU/DejaVuSans(0)/m/n/10 119

Overfull \hbox (4.23534pt too wide) detected at line 348
 \TU/DejaVuSans(0)/b/n/10 122

Overfull \hbox (2.82689pt too wide) detected at line 349
 \TU/DejaVuSans(0)/m/n/10 122

Overfull \hbox (4.23534pt too wide) detected at line 355
 \TU/DejaVuSans(0)/b/n/10 126

Overfull \hbox (2.82689pt too wide) detected at line 356
 \TU/DejaVuSans(0)/m/n/10 126

Overfull \hbox (4.23534pt too wide) detected at line 362
 \TU/DejaVuSans(0)/b/n/10 128

Overfull \hbox (2.82689pt too wide) detected at line 363
 \TU/DejaVuSans(0)/m/n/10 128

Overfull \hbox (4.23534pt too wide) detected at line 365
 \TU/DejaVuSans(0)/b/n/10 141

Overfull \hbox (2.82689pt too wide) detected at line 366
 \TU/DejaVuSans(0)/m/n/10 141

Overfull \hbox (4.23534pt too wide) detected at line 369
 \TU/DejaVuSans(0)/b/n/10 152

Overfull \hbox (2.82689pt too wide) detected at line 370
 \TU/DejaVuSans(0)/m/n/10 152

Overfull \hbox (4.23534pt too wide) detected at line 376
 \TU/DejaVuSans(0)/b/n/10 154

Overfull \hbox (2.82689pt too wide) detected at line 377
 \TU/DejaVuSans(0)/m/n/10 154

Overfull \hbox (4.23534pt too wide) detected at line 380
 \TU/DejaVuSans(0)/b/n/10 156

Overfull \hbox (2.82689pt too wide) detected at line 381
 \TU/DejaVuSans(0)/m/n/10 156

Overfull \hbox (4.23534pt too wide) detected at line 390
 \TU/DejaVuSans(0)/b/n/10 158

Overfull \hbox (2.82689pt too wide) detected at line 391
 \TU/DejaVuSans(0)/m/n/10 158

Overfull \hbox (4.23534pt too wide) detected at line 400
 \TU/DejaVuSans(0)/b/n/10 160

Overfull \hbox (2.82689pt too wide) detected at line 401
 \TU/DejaVuSans(0)/m/n/10 160

Overfull \hbox (4.23534pt too wide) detected at line 407
 \TU/DejaVuSans(0)/b/n/10 163

Overfull \hbox (2.82689pt too wide) detected at line 408
 \TU/DejaVuSans(0)/m/n/10 163

Overfull \hbox (4.23534pt too wide) detected at line 416
 \TU/DejaVuSans(0)/b/n/10 165

Overfull \hbox (2.82689pt too wide) detected at line 417
 \TU/DejaVuSans(0)/m/n/10 165

Overfull \hbox (4.23534pt too wide) detected at line 428
 \TU/DejaVuSans(0)/b/n/10 169

Overfull \hbox (2.82689pt too wide) detected at line 429
 \TU/DejaVuSans(0)/m/n/10 169

Overfull \hbox (4.23534pt too wide) detected at line 435
 \TU/DejaVuSans(0)/b/n/10 171

Overfull \hbox (2.82689pt too wide) detected at line 436
 \TU/DejaVuSans(0)/m/n/10 171

Overfull \hbox (4.23534pt too wide) detected at line 449
 \TU/DejaVuSans(0)/b/n/10 179

Overfull \hbox (2.82689pt too wide) detected at line 450
 \TU/DejaVuSans(0)/m/n/10 179

Overfull \hbox (4.23534pt too wide) detected at line 457
 \TU/DejaVuSans(0)/b/n/10 183

Overfull \hbox (2.82689pt too wide) detected at line 458
 \TU/DejaVuSans(0)/m/n/10 183

Overfull \hbox (4.23534pt too wide) detected at line 463
 \TU/DejaVuSans(0)/b/n/10 185

Overfull \hbox (2.82689pt too wide) detected at line 464
 \TU/DejaVuSans(0)/m/n/10 186
[4]
Overfull \hbox (4.23534pt too wide) detected at line 467
 \TU/DejaVuSans(0)/b/n/10 188

Overfull \hbox (2.82689pt too wide) detected at line 468
 \TU/DejaVuSans(0)/m/n/10 188

Overfull \hbox (4.23534pt too wide) detected at line 475
 \TU/DejaVuSans(0)/b/n/10 191

Overfull \hbox (2.82689pt too wide) detected at line 476
 \TU/DejaVuSans(0)/m/n/10 191

Overfull \hbox (4.23534pt too wide) detected at line 491
 \TU/DejaVuSans(0)/b/n/10 198

Overfull \hbox (2.82689pt too wide) detected at line 492
 \TU/DejaVuSans(0)/m/n/10 198

Overfull \hbox (4.23534pt too wide) detected at line 494
 \TU/DejaVuSans(0)/b/n/10 200

Overfull \hbox (2.82689pt too wide) detected at line 495
 \TU/DejaVuSans(0)/m/n/10 200
)) [5] [1]
Chapter 1.
(_FAD58DE7366495DB4650CFEFAC2FCD61.config.minted) (_minted/default.style.minted
) (_minted/B9929C0E7668CCEB3BD74630E4EFB123.highlight.minted) [2]
(_minted/D26A3501B861DCF71CDA5D2631EA139C.highlight.minted) [3] [4]
Chapter 2.
(_minted/3AA4F61E1679525BD28BE452024D5596.highlight.minted)
(_minted/8D5C80A3F5A30E6B0A7C1C05D19589B1.highlight.minted)
Overfull \hbox (7.38509pt too wide) in paragraph at lines 190--191
[]\TU/DejaVuSans(0)/m/n/10 For an editable install, \TU/DejaVuSansMono(0)/m/n/1
0 pkg> dev https://github.com/JeffreySarnoff/SmallFloats.jl \TU/DejaVuSans(0)/m
/n/10 clones into \TU/DejaVuSansMono(0)/m/n/10 ~/.julia/dev\TU/DejaVuSans(0)/m/
n/10 ,
(_minted/3EA8D141404C24DB83FB45BF9D33E0E3.highlight.minted)
(_minted/C5FE61E106278D02042B2EB972D5F848.highlight.minted) [5]
Chapter 3.
(_minted/BAC4E7F00F4975EB3AF9F82025AE3142.highlight.minted)
(_minted/D0396CD9B3DED6C2C7EDE55F04C6CF50.highlight.minted)
(_minted/56B5D17D5F58DE4263E4BDFFDBA64BE0.highlight.minted)
(_minted/D26A3501B861DCF71CDA5D2631EA139C.highlight.minted)
(_minted/9FB53275998E4D43FE51BC0B3D3F9D97.highlight.minted) [6]
(_minted/E9616F543B972F24B05DE61B932E6904.highlight.minted)
(_minted/6601A1B687FB379AC79C4B2B5CCB8B57.highlight.minted)
(_minted/BBF43A2362E9C84A79E384A6A466374B.highlight.minted) [7]
(_minted/E8AB2A8BD6E256A8382A210017B9CC8F.highlight.minted)
(_minted/D9987E845F8CF01C5073D5E462A976DE.highlight.minted)
(_minted/B0683E93894E2308861E4EA3BC0B76EE.highlight.minted) [8] [9]
Chapter 4.
(_minted/6B6F8E997C0F869447F399662EAAF8FD.highlight.minted) [10]
(_minted/A206F77C3F13F3F37817C790E26BA4C7.highlight.minted)
(_minted/A0FF0CB26463FD92E1D6A0FF175555B3.highlight.minted)
(_minted/AE18751B90096B431142D00BA18A0644.highlight.minted) [11]
(_minted/8A200A5D2A341BDDBA6C0128A1A7DBA3.highlight.minted) [12]
(_minted/EEAF200D3D9FA957E8A3D2647F88776B.highlight.minted) [13] [14] [15]
Chapter 5.
[16] [17]
Chapter 6.
(_minted/83B795ED5334DC684213FFA0DFA904FF.highlight.minted)
(_minted/B62D0368F5D599863B8092FF94BA9000.highlight.minted)
(_minted/532239694CFE782D178F425F8675CA66.highlight.minted) [18]
Overfull \hbox (7.39253pt too wide) in paragraph at lines 1085--1085
[]\TU/DejaVuSansMono(0)/m/n/8 SatPropagate|  
[19] [20]
Chapter 7.
(_minted/DFDC422117CA3F17F39DAE27519B2200.highlight.minted)
(_minted/9780D68396080CFBE6DEBEA792778AA5.highlight.minted) [21]
(_minted/06B731451908BBA226C65A09AED07FE6.highlight.minted) [22]
(_minted/0CDBE95BBF856D8DEFC58732F7941E2A.highlight.minted)
(_minted/A96D01A7E32D1EF1EF44D03B1CA2BD99.highlight.minted) [23]
Chapter 8.
(_minted/2092C94B75924CAD5DABC29E33C26FF8.highlight.minted)
(_minted/D26A3501B861DCF71CDA5D2631EA139C.highlight.minted) [24]
(_minted/C6BFEC4E30E122D2E410DD2AAF3FD158.highlight.minted)
(_minted/67035D4DF2E4AE363A6E23B840876D89.highlight.minted) [25]
(_minted/BB0D58EDAE4501B92F8201FC59EB9659.highlight.minted)
(_minted/275DAF239161B75DE0E7C0CF4327A280.highlight.minted) [26]
(_minted/3B4328D175F57BD3BE391B729AEE7848.highlight.minted)
(_minted/98295CC291D6BE5BCC3560AAB3068BC2.highlight.minted) [27] [28]
Chapter 9.
(_minted/AE18751B90096B431142D00BA18A0644.highlight.minted) [29]
(_minted/CD10FACBC157C89FC48F02ED77225FBE.highlight.minted) [30] [31]
Chapter 10.
(_minted/AE4A34F07F66AFEBB1273A5158E3E3DA.highlight.minted)
Underfull \hbox (badness 1314) in paragraph at lines 1839--1840
[]\TU/DejaVuSans(0)/m/n/10 SmallFloats represents the pair as \TU/DejaVuSansMon
o(0)/m/n/10 ProjSpec(rounding, saturation)\TU/DejaVuSans(0)/m/n/10 . A name lik
e \TU/DejaVuSansMono(0)/m/n/10 RNE_SN \TU/DejaVuSans(0)/m/n/10 is \TU/DejaVuSan
sMono(0)/m/n/10 ProjSpec(
[32] [33]
Chapter 11.
(_minted/460FDA364FF400CC168AF3F7B946A191.highlight.minted)
(_minted/A41A00FC3BE13C5142F387AFD66470D4.highlight.minted)
(_minted/9A54700733F874B5C5EB52DCF6DF1BEB.highlight.minted) [34] [35] [36]
Chapter 12.
(_minted/3D5C880C81880161FA494C6D433907CA.highlight.minted) [37]
(_minted/C2546AFDB296AA859F5CBC2ED8B4BDAD.highlight.minted)
(_minted/AA42F20427086358306B3D82D9E96ED8.highlight.minted) [38] [39]
Chapter 13.
(_minted/AB39BF5BE9EA50DFC34BBFF62E1DDFE4.highlight.minted)
(_minted/E32F50E2645BE3AC5222D37B05CAE614.highlight.minted)
(_minted/DC49FF7BDC529DA749428D5440E1221C.highlight.minted) [40] [41]
Chapter 14.
[42] (_minted/7EF23344FA46AF4F11EC0F37636EA7F1.highlight.minted)
(_minted/710027EFC5FF9EC8FF12F61F22F37758.highlight.minted)
(_minted/F04CA646F47C1748CD3F93A63E965A44.highlight.minted)
(_minted/1AA98BB5BB8CED075149A95AEF9DAAF2.highlight.minted) [43]
(_minted/F493688D03C1EC7F946E39E089D50013.highlight.minted)
(_minted/433AD3802AD02CEFD394558E80CD8AF8.highlight.minted)
(_minted/47D8DD6E6B0260AD917E30844734C1EC.highlight.minted)
(_minted/7B1506099FC261126B610E56AF35D89E.highlight.minted) [44]
(_minted/5B63B2DDA81B8000F1BEF437C8BB3F8A.highlight.minted)
(_minted/1A143EFC556D31322C1E679161C2EF62.highlight.minted) [45] [46]
Chapter 15.
(_minted/6B6F8E997C0F869447F399662EAAF8FD.highlight.minted) [47]
(_minted/4C6543F4000BC78D7314E983FDA251C3.highlight.minted)
(_minted/A9E21D771C22D67F072CAFA2371137EE.highlight.minted)
(_minted/5B7405B474209256635709FEDFA310E7.highlight.minted) [48] [49]
Chapter 16.
(_minted/7BAF8697806D2F49FFE1B71C32BC9237.highlight.minted)
(_minted/AB39BF5BE9EA50DFC34BBFF62E1DDFE4.highlight.minted)
(_minted/D97BF37325E95CC4B138F1A5797EF736.highlight.minted) [50]
(_minted/D9987E845F8CF01C5073D5E462A976DE.highlight.minted)
(_minted/AE5CB71072B63DDCC6CD6DCCE4C0D60F.highlight.minted) [51] [52]
Chapter 17.
(_minted/3A97E3304EBE560D1BFF69BB9B4E6168.highlight.minted)
(_minted/F9C6B90F44FDA4EE857E1D3944DA2329.highlight.minted)
(_minted/160AFB7182767C61BB22FEFAEF4A120A.highlight.minted)
(_minted/1E4A23916D8F0BB2EB25B76A3C622DF5.highlight.minted) [53]
(_minted/BC77637D0A1C7B9D0DE47DDF8DA51079.highlight.minted)
(_minted/30E9E5BE36187E171E851E0197B211B9.highlight.minted)
(_minted/D0010330DD6FC3FC496CF671CB91199C.highlight.minted)
(_minted/F3B7A3CA57206D206040B446B728FF6B.highlight.minted) [54] [55]
Chapter 18.
(_minted/8962C2E8E8705DAEF1F021AD555BF604.highlight.minted)
(_minted/97A14316F4786B086098B397F512053F.highlight.minted)
(_minted/B2AC6DED7DEAE7A8CCADE8C287E45F6E.highlight.minted) [56]
(_minted/4754A511BE34900225160032720D49B8.highlight.minted) [57] [58]
Chapter 19.
(_minted/5EFE85046DAABDEE0C3D3B07C34410F1.highlight.minted)
(_minted/5B697BCF65E0F011F905D526FFD2E528.highlight.minted)
(_minted/C9757C0A744C0D4ED97DBE6AB910F125.highlight.minted) [59]
(_minted/830A701BA754EFA1DF6693599FA9A56B.highlight.minted)
(_minted/E75B007F2E1EF4D12B847ADE884DCEAB.highlight.minted)
(_minted/CE05182F2EFFEFFA350F6EBC197124DA.highlight.minted)
(_minted/9633351306BD22C4084182BAC7DF98FB.highlight.minted) [60]
Underfull \hbox (badness 2418) in paragraph at lines 3854--3855
\TU/DejaVuSans(0)/m/n/10 You have raw \TU/DejaVuSansMono(0)/m/n/10 Float64 \TU/
DejaVuSans(0)/m/n/10 data with widely varying per-row magnitude, and you want t
o quantize it into
[61]
Chapter 20.
(_minted/64A4EA5EB6532A19C33312092E4AF3AF.highlight.minted) [62]
(_minted/2D0B52BD17BFCE453CF4D827A62BB8A6.highlight.minted)
(_minted/672A14395B5D0CE3F396D2DF353F252D.highlight.minted)
(_minted/67035D4DF2E4AE363A6E23B840876D89.highlight.minted) [63]
(_minted/0FF95AA87C316FCFA1D126DF714E6DA6.highlight.minted) [64]
Chapter 21.
(_minted/98F5386DDD47ED287FCD3503E5ED435A.highlight.minted)
(_minted/969287AC9A21E1BA4FE18B32B9454BF7.highlight.minted)
(_minted/CD195A88CD88B34301915FA586BF6901.highlight.minted)
(_minted/903E98343CB44DA205E5AA24F0AAAADC.highlight.minted) [65] [66]
Chapter 22.

Underfull \hbox (badness 2521) in paragraph at lines 4328--4329
[]\TU/DejaVuSans(0)/b/n/10 2. Always convert — never reinterpret. \TU/DejaVuSan
sMono(0)/m/n/10 Convert \TU/DejaVuSans(0)/m/n/10 is a real conversion: \TU/Deja
VuSansMono(0)/m/n/10 Float16(1.5) \TU/DejaVuSans(0)/m/n/10 becomes
(_minted/775874F3E0CFBA2907973AC955E13448.highlight.minted) [67] [68] [69]
Chapter 23.
(_minted/18B4172FA3C710074D143229FC286855.highlight.minted)
(_minted/0A534092327EE7E8E91F065D7370CA12.highlight.minted) [70] [71]
Chapter 24.

Underfull \hbox (badness 1320) in paragraph at lines 4545--4546
[]\TU/DejaVuSansMono(0)/m/n/10 register_approx!(name, opname, resultformat, ope
randformats, ρ, fn; κ) \TU/DejaVuSans(0)/m/n/10 to register the imple-
(_minted/D8C1FB07270C1C16C7D11FDB4554BAD9.highlight.minted)
(_minted/E5E3760E94EF4614E4019DC8A32C2DC9.highlight.minted)
(_minted/B54C23B409B53940A87F373B47338EB3.highlight.minted)
(_minted/BF094D000FAD948FA33DBF4F0930465C.highlight.minted) [72]
(_minted/3C92010AF59B21D1DF1812F21BEF484C.highlight.minted) [73] [74]
Chapter 25.
(_minted/B2856C8351738DD764D1ACCBC723A4CB.highlight.minted)
(_minted/315C24495126DACD5BE3810CAD42ACED.highlight.minted) [75] [76]
Chapter 26.
[77] [78] [79]
Chapter 27.
(_minted/7CE0FE75334FAE7582C9B725CA897FC0.highlight.minted)
(_minted/B2AC6DED7DEAE7A8CCADE8C287E45F6E.highlight.minted) [80]
(_minted/489DEBC12C96BF57879C8118F5A2EFAB.highlight.minted)
(_minted/B2629356CAADD8D22605B59CE9908EC4.highlight.minted)
(_minted/1BDF700D8D4961E6245F18FC97FAD7EA.highlight.minted)
(_minted/91836817704D6CE4D37B7ABD44DE8AE4.highlight.minted) [81]
(_minted/511CBC6B73DB47881BBAFDB15A1744FB.highlight.minted)
(_minted/6C1807A562D605311454D2C18C9B14D3.highlight.minted) [82]
(_minted/6ECB88C7783E09123598C206D1B8E15D.highlight.minted)
(_minted/0946B41F701D0C5DFE0FC1586B1CAFD4.highlight.minted)
(_minted/4C6543F4000BC78D7314E983FDA251C3.highlight.minted)
(_minted/A9E21D771C22D67F072CAFA2371137EE.highlight.minted)
(_minted/3EDD69D9E693B872B8BED18A5E24DBCB.highlight.minted)
(_minted/3D7129C114B63EFD6EC0D7605C6F089F.highlight.minted) [83]
(_minted/830A701BA754EFA1DF6693599FA9A56B.highlight.minted)
(_minted/E75B007F2E1EF4D12B847ADE884DCEAB.highlight.minted) [84]
(_minted/CE05182F2EFFEFFA350F6EBC197124DA.highlight.minted)
(_minted/9633351306BD22C4084182BAC7DF98FB.highlight.minted)
(_minted/5CA19011C1CAF19DB37E072C46CC8332.highlight.minted)
(_minted/5BEEE1505E530EE895CEA671FD28E705.highlight.minted)
(_minted/1A0BD8E9C34086D3C2BC8CB479E49EFF.highlight.minted)
(_minted/CBE5D79F1C7195DD20C7ACDE83986D84.highlight.minted) [85]
(_minted/C4A88D709FB44F76F04D11F0E20E97C5.highlight.minted)
(_minted/D63783A76A3005DA449D584C9A70D93E.highlight.minted)
(_minted/C72F32E9791BD61790293E2B78509B83.highlight.minted)
(_minted/E4828DF9129A5DF96CBE92952A01A820.highlight.minted) [86]
Chapter 28.

Underfull \hbox (badness 1881) in paragraph at lines 5597--5598
\TU/DejaVuSans(0)/m/n/10 Internals-level recipes: pipeline introspection, exhau
stive verification of your own code, κ measurement,

Underfull \hbox (badness 2035) in paragraph at lines 5597--5598
\TU/DejaVuSans(0)/m/n/10 and doctrine-compliant benchmarking. These use unexpor
ted names (\TU/DejaVuSansMono(0)/m/n/10 SmallFloats.round_to_precision\TU/DejaV
uSans(0)/m/n/10 ,
(_minted/6E5DEB97B02B4DA5E62FE96C955BAE61.highlight.minted)
(_minted/CD10FACBC157C89FC48F02ED77225FBE.highlight.minted)
(_minted/B84DA269CFFD07153F1E0CC5C24C7574.highlight.minted) [87]
(_minted/F067CBB10162A225F20946BA40DE0784.highlight.minted)
(_minted/39A3F4AB0EE64B97869F63EC5D8AA849.highlight.minted)
(_minted/5E95A57CA64D472425E61EAEC75237EB.highlight.minted)
(_minted/17FE4968B0468E716E0DC9AC3E0D4C60.highlight.minted)
(_minted/975206E24CD7374FFE41B861B2661F40.highlight.minted)
(_minted/8708480A8027601187CC5DF7D3B04740.highlight.minted) [88]
(_minted/C4804E5F877B15BB6676338177CA6899.highlight.minted)
(_minted/17FE4968B0468E716E0DC9AC3E0D4C60.highlight.minted) [89]
(_minted/9A1A236A3CE94F4B8D5D0A29816F48D9.highlight.minted)
(_minted/E0DABDB69462EAC2D46589B478202797.highlight.minted)
(_minted/EB85BCF762F15CC5BF6883CD4D7607AD.highlight.minted)
(_minted/5DA60DBD8716BF6814A2D6E74F472B33.highlight.minted)
(_minted/18B4172FA3C710074D143229FC286855.highlight.minted) [90]
(_minted/3010A19865BD05CA72A515021F68A2C3.highlight.minted)
(_minted/17FE4968B0468E716E0DC9AC3E0D4C60.highlight.minted)
(_minted/8DBC868E46947A5C99C88474FBCAB914.highlight.minted)
(_minted/05D570C6A3EF8CE12104C2330266F864.highlight.minted)
(_minted/A41E58838A436308495231F8C1D8948B.highlight.minted)
(_minted/5629BD859A40512610090C03F3E83041.highlight.minted) [91]
(_minted/7D323C90275D3D8E862D103B0DB09586.highlight.minted)
(_minted/803CEB4EA91E6328173314495AD188D1.highlight.minted)
(_minted/A7975FFF826CF2E0B041466DF0CA5077.highlight.minted) [92]
(_minted/ECDBF304A9309D605A42E3A353466F71.highlight.minted)
(_minted/3AE8DD3D2E83204974E9177CE6DA0FFE.highlight.minted) [93]
Chapter 29.
[94]

LaTeX Warning: `h' float specifier changed to `ht'.


LaTeX Warning: `h' float specifier changed to `ht'.


LaTeX Warning: `h' float specifier changed to `ht'.

[95] [96] [97]

LaTeX Warning: `h' float specifier changed to `ht'.

[98] [99] [100] [101] [102] [103] [104] [105]
Chapter 30.
[106] (_minted/81887979057A8F123C2C0B5BDBCC2879.highlight.minted) [107]
(_minted/2421E1FE62E2C37C4DEA48BF62711E79.highlight.minted) [108]
Chapter 31.
(_minted/A4E24BC5E767FE3E605019CBAFF2B867.highlight.minted) [109]
(_minted/B42EFAB219D7D8C31D90A7A3919D3FAB.highlight.minted)
Overfull \hbox (6.05873pt too wide) in paragraph at lines 7531--7531
[]\TU/DejaVuSansMono(0)/m/n/8 SatFinite|  

Overfull \hbox (17.4464pt too wide) in paragraph at lines 7531--7531
[]\TU/DejaVuSansMono(0)/m/n/8 SatPropagate|  
(_minted/AC89DD86AF72D0E9D4671681C8FEDEC9.highlight.minted) [110] [111]
Chapter 32.
[112] [113]
Overfull \hbox (4.49115pt too wide) in paragraph at lines 7727--7727
[]\TU/DejaVuSansMono(0)/m/n/8 Convert|  
[114] (_minted/434F98B2D19F00BC34F5684DC117671E.highlight.minted)
(_minted/64CFB99CDC1459C3490F723891470030.highlight.minted) [115]
Chapter 33.
[116] (_minted/EE0901194FF4CEC2D2DB9A84262BD525.highlight.minted) [117]
[118]
Chapter 34.
(_minted/68F567E3D0BF461BFD4FA129693AF3C9.highlight.minted) [119]
(_minted/7DBC3CF8A30ADB6DE2A2EA6560B72C5F.highlight.minted)
(_minted/D5CA60D28354773B64A724EF69D5A173.highlight.minted) [120] [121]
Chapter 35.
(_minted/44A871ED9745DEE2D94F52A019F3B24E.highlight.minted)
(_minted/BAC6B85A2DC59563BC94CD3E3540C540.highlight.minted) [122]
(_minted/C4C92493AA74C743CFA892480B961E1B.highlight.minted)
(_minted/5E870956A8C745F611924C32CF17F535.highlight.minted)
(_minted/BB08DB9C4248C9F1B32AFCFD6EF2AA22.highlight.minted) [123]
(_minted/E8EBB0FEE1FCD75297FFAC4A9D1FAAAA.highlight.minted)
(_minted/C347E779508DF882C4F18A6224B7F88A.highlight.minted) [124] [125]
Chapter 36.

Overfull \hbox (0.99739pt too wide) in paragraph at lines 8588--8588
[]\TU/DejaVuSansMono(0)/m/n/8 conformance_ 

Overfull \hbox (0.99739pt too wide) in paragraph at lines 8588--8588
[]\TU/DejaVuSansMono(0)/m/n/8 conformance_ 
[126] (_minted/D5B99D607C60EA70D474495112E02A2A.highlight.minted) [127]
Chapter 37.
[128] (_minted/3D8EDFC8911B49BC3BE4D7F3CDF8D537.highlight.minted) [129]
(_minted/4E4A257153BB4F80229E3AC885759FD1.highlight.minted)
(_minted/9B2318B5FCDE22808044A62E74268E2A.highlight.minted)
Underfull \hbox (badness 10000) in paragraph at lines 9011--9012
[]\TU/DejaVuSans(0)/m/n/10 Consequently \TU/DejaVuSansMono(0)/m/n/10 Binary8p4s
e === Binary{8,4,true,true} \TU/DejaVuSans(0)/m/n/10 is \TU/DejaVuSansMono(0)/b
/n/10 false \TU/DejaVuSans(0)/m/n/10 and \TU/DejaVuSansMono(0)/m/n/10 Binary8p4
se <:
[130] (_minted/DA84ED7F5B964A851E9F0089CA5424B6.highlight.minted)
(_minted/8CF6CC4C2F9015D972DDF8B41FE9E8EB.highlight.minted)
(_minted/B817239F7ABD5CEEEE05846468F51307.highlight.minted)
(_minted/F17BF4EA152129A524F3F05ADC653AF7.highlight.minted) [131]
(_minted/500ACE807AC25E67DD8C784C14CB43A2.highlight.minted)
Underfull \hbox (badness 10000) in paragraph at lines 9135--9136
[]\TU/DejaVuSans(0)/m/n/10 Bit-packed storage of \TU/DejaVuSansMono(0)/m/n/10 F
 \TU/DejaVuSans(0)/m/n/10 code points at \TU/DejaVuSansMono(0)/m/n/10 bitwidth(
F) \TU/DejaVuSans(0)/m/n/10 bits per element. Construct with

Underfull \hbox (badness 1024) in paragraph at lines 9135--9136
\TU/DejaVuSansMono(0)/m/n/10 PackedVector(A::AbstractVector{F})\TU/DejaVuSans(0
)/m/n/10 ; recover with \TU/DejaVuSansMono(0)/m/n/10 Vector(pv) \TU/DejaVuSans(
0)/m/n/10 or \TU/DejaVuSansMono(0)/m/n/10 collect(pv)\TU/DejaVuSans(0)/m/n/10 .
 Memory: \TU/DejaVuSansMono(0)/m/n/10 ⌈n·K/64⌉
(_minted/27384C3438443A7C3FD1147C706A3956.highlight.minted) [132]
(_minted/B4851015F49166FFFB4AB087D6D7AD14.highlight.minted)
(_minted/ADF06B8D8C96462D5D66D51472F06BE3.highlight.minted)
(_minted/1D2D0BE82E5D08930D2D01C995E8F855.highlight.minted)
Underfull \hbox (badness 10000) in paragraph at lines 9393--9394
[]\TU/DejaVuSans(0)/m/n/10 The session[]s default projection specification. Ini
tialized to \TU/DejaVuSansMono(0)/m/n/10 (DefaultRoundingMode(),
(_minted/50B1E584549F0A65A79028643319AF81.highlight.minted) [133]
(_minted/3951D073956ADE3CFDA8346DA78D9635.highlight.minted)
Underfull \hbox (badness 6708) in paragraph at lines 9431--9432
[]\TU/DejaVuSans(0)/m/n/10 The session[]s default rounding mode. Initialized to
 \TU/DejaVuSansMono(0)/m/n/10 NearestTiesToEven()\TU/DejaVuSans(0)/m/n/10 . Set
ting it rebuilds
(_minted/493609A9E8C9B8D0F52DA46C608D5C89.highlight.minted) [134]
(_minted/8A1685A58467325C92FF33B8674E72B6.highlight.minted)
(_minted/AC0BF8C4F187E02A8E37BA5DCEFDAA86.highlight.minted)
(_minted/3395B8DD539B0D08DE0E60009BCAA0D4.highlight.minted) [135]
(_minted/5020B919D890AF99F312B6A4D56A59C7.highlight.minted)
(_minted/6CDC1C9D54444AA8B2BD0AF4ABE533D7.highlight.minted)
(_minted/D799BE5380ED22876934684D07FE70A5.highlight.minted)
(_minted/1FDE9520D6BA748318CA29D5001219D5.highlight.minted) [136]
(_minted/4C58E1F2F796AD68EA608EDF3338800F.highlight.minted)
(_minted/6BD2A1F33ECC4A81085B84E368B54751.highlight.minted)
(_minted/EA2783ECFFC455552DE3F9AFBB059A4E.highlight.minted) [137]
(_minted/65115E4900627F96E702856F9A15B77A.highlight.minted)
(_minted/99BA869717DF25CA14FA37563C0243E7.highlight.minted)
(_minted/8303050E3C9D0934661117779526CACF.highlight.minted) [138]
(_minted/D61226457AF0A3D7BCE395BBF24CA11D.highlight.minted)
(_minted/692389A62347CE07EE15B86FA8CAEDD4.highlight.minted)
(_minted/A2D57E94DA11DFB3E2FC0B232AC1FC23.highlight.minted)
(_minted/061D4BE9944CDAF7F8226CED5F86821D.highlight.minted)
(_minted/A2D57E94DA11DFB3E2FC0B232AC1FC23.highlight.minted)
(_minted/061D4BE9944CDAF7F8226CED5F86821D.highlight.minted) [139]
(_minted/A2D57E94DA11DFB3E2FC0B232AC1FC23.highlight.minted)
(_minted/061D4BE9944CDAF7F8226CED5F86821D.highlight.minted) [140]
Chapter 38.
[141] (_minted/291A7DF0DD16380AC41C4E33CECDB0D8.highlight.minted) [142]
(_minted/EC5F2B9493683BA11E975CE3A7510F70.highlight.minted)
(_minted/A9A1203CAC9B3C48508604877047DC38.highlight.minted) [143]
(_minted/A611BC16932152062E5171CCB0C549C6.highlight.minted) [144] [145]
(_minted/52CD0037C73FFD21C48DBD0D71557CCF.highlight.minted)
(_minted/B452BD08A34BB12A8D652F7EAA85692F.highlight.minted)
(_minted/26A0129FC464C136444901767C85FBB2.highlight.minted) [146]
(_minted/3587817B6E57F827CFE08BD09D73AE78.highlight.minted)
(_minted/9F5C467384CF421CCFBD9416454568C3.highlight.minted)
(_minted/9283AF52A4C095F3AF7F02CBAEC45FF2.highlight.minted) [147]
(_minted/CAB1FF1DFD3A3272A4320BAD2FD79021.highlight.minted)
(_minted/838C85DE25BA816E2A40DB35D035CDDE.highlight.minted)
(_minted/25A3F1DD5D828DC00D2567826DE6A95E.highlight.minted) [148]
(_minted/79E5AF4E176F1B2AAE9949EBB5F5FFE2.highlight.minted)
(_minted/26E973B05B9A423BDC7927B1C2FC7452.highlight.minted)
(_minted/E233F2B9FB22E781AC6421776FCBE0DC.highlight.minted) [149]
(_minted/8BBCCA78940A1F9E8529127B8CFE96F3.highlight.minted) [150] [151]
Chapter 39.
[152] [153]
Chapter 40.
[154] [155]
Chapter 41.
(_minted/C4C715B646AE81EAE34200482DBF8E06.highlight.minted) [156] [157]
Chapter 42.
(_minted/94A2E0861DC84BAF470950224479F824.highlight.minted) [158] [159]
Chapter 43.

Overfull \hbox (2.25514pt too wide) in paragraph at lines 11889--11889
[]\TU/DejaVuSansMono(0)/m/n/8 Float128|  

Overfull \hbox (6.05104pt too wide) in paragraph at lines 11889--11889
[]\TU/DejaVuSansMono(0)/m/n/8 BigExactF|  

Overfull \hbox (13.6428pt too wide) in paragraph at lines 11889--11889
[]\TU/DejaVuSansMono(0)/m/n/8 Enclose128F|  

Overfull \hbox (2.25514pt too wide) in paragraph at lines 11889--11889
[]\TU/DejaVuSansMono(0)/m/n/8 EncloseF|  
(_minted/640777AD28B3F34A618BDA5D750B0245.highlight.minted) [160] [161]
[162]
Chapter 44.
(_minted/173F932F6C26689A7F55B1BFFA948B72.highlight.minted) [163] [164]
Chapter 45.
(_minted/8A77A4148DF4D8AA21424979FEC62435.highlight.minted)
(_minted/46BD5BF02737EAB8A784E06D10B1C588.highlight.minted) [165]
(_minted/0022200B0D0C17A388D0E2C93C7DC92C.highlight.minted) [166]
(_minted/36DAA2A4A80F5D45CC5E7B59D4D74775.highlight.minted) [167]
(_minted/7F368323C3A9075CB74A8AA5AFA82947.highlight.minted)
Underfull \hbox (badness 3068) in paragraph at lines 12378--12379
\TU/DejaVuSansMono(0)/m/n/10 src/blocks.jl \TU/DejaVuSans(0)/m/n/10 owns block 
construction, scale/element operations, span filtering, exact reductions, and
[168]
Chapter 46.
[169] [170]
Chapter 47.

Underfull \hbox (badness 2096) in paragraph at lines 12554--12555
[]\TU/DejaVuSans(0)/b/n/10 Result-kind protocol. \TU/DejaVuSansMono(0)/m/n/10 ω
eval \TU/DejaVuSans(0)/m/n/10 must return one of \TU/DejaVuSansMono(0)/m/n/10 F
loat64 | Float128 | StickyF | BigExactF |
[171] [172] (_minted/EFAFD071196D1E82E11848E90EA16666.highlight.minted)
(_minted/C70CCC5230288AD08E65CAC495A1B947.highlight.minted) [173]
(_minted/A966D19E87C2ACF4AB953BDE7C18074E.highlight.minted) [174]
(_minted/213AFF2DC68558247EC5EF5DA3BBA7E7.highlight.minted) [175]
(_minted/E8B4B1418C167EF1CCF0A0C06D5CB2FA.highlight.minted) [176]
(_minted/FDF9670465E7EDB978A8303006B6DD00.highlight.minted) [177]
Underfull \hbox (badness 3209) in paragraph at lines 12967--12968
[]\TU/DejaVuSansMono(0)/m/n/10 conformance_report() \TU/DejaVuSans(0)/m/n/10 sh
ows the op (automatic for registry ops; manual block additions extend
[178]
Chapter 48.
(_minted/86504FC3046518FD55D1AE1E9A7BC99D.highlight.minted)
(_minted/17FE4968B0468E716E0DC9AC3E0D4C60.highlight.minted)
(_minted/3010A19865BD05CA72A515021F68A2C3.highlight.minted)
(_minted/17FE4968B0468E716E0DC9AC3E0D4C60.highlight.minted) [179]
(_minted/8DBC868E46947A5C99C88474FBCAB914.highlight.minted)
(_minted/05D570C6A3EF8CE12104C2330266F864.highlight.minted)
(_minted/56E39D81E5DCB13EA60145DD8E59C6A0.highlight.minted)
(_minted/17FE4968B0468E716E0DC9AC3E0D4C60.highlight.minted) [180]
(_minted/975206E24CD7374FFE41B861B2661F40.highlight.minted)
(_minted/8708480A8027601187CC5DF7D3B04740.highlight.minted) [181] [182]
Chapter 49.
(_minted/3485C37D80F15E4B03F571274355BB9A.highlight.minted) [183] [184]
Chapter 50.
[185]
Overfull \hbox (10.51349pt too wide) in paragraph at lines 13385--13385
[]\TU/DejaVuSans(0)/m/n/8 CODEC- 

Overfull \hbox (10.51349pt too wide) in paragraph at lines 13385--13385
[]\TU/DejaVuSans(0)/m/n/8 CODEC- 

Overfull \hbox (10.51349pt too wide) in paragraph at lines 13385--13385
[]\TU/DejaVuSans(0)/m/n/8 CODEC- 

Overfull \hbox (10.21486pt too wide) in paragraph at lines 13385--13385
[]\TU/DejaVuSans(0)/m/n/8 ORDER- 

Overfull \hbox (7.40411pt too wide) in paragraph at lines 13385--13385
[]\TU/DejaVuSans(0)/m/n/8 TABLE- 

Overfull \hbox (15.35301pt too wide) in paragraph at lines 13385--13385
[]\TU/DejaVuSans(0)/m/n/8 CARRIER- 

Overfull \hbox (3.70059pt too wide) in paragraph at lines 13385--13385
[]\TU/DejaVuSans(0)/m/n/8 PERF- 
[186] [187]
Chapter 51.
[188]
Underfull \hbox (badness 2698) in paragraph at lines 13474--13475
[]\TU/DejaVuSans(0)/b/n/10 Symptom: \TU/DejaVuSansMono(0)/b/n/10 Vector{Binary{
K,P,Σ,Δ}}(undef, n) \TU/DejaVuSans(0)/b/n/10 silently boxes every element, even
 though you
[189] (_minted/9FD400FADD16754DA56184AEA6609DB1.highlight.minted) [190]
Chapter 52.
(_minted/E40B68BDD2C01F218F6A9E6E453847C0.highlight.minted)
(_minted/2309B7DDA116789644A845715C2FA661.highlight.minted)
(_minted/F52789D021B5D1B08E850AB1F544D53B.highlight.minted) [191]
(_minted/68647968D08E8EDBF4E1A36A8F346780.highlight.minted)
(_minted/579BF17CE8B0F428E0BD4D8730676B2B.highlight.minted)
(_minted/C291FB4AC814D8E2CA46F3589F865110.highlight.minted)
(_minted/4C707D85B9FAF50ECFD9C2A2ACE00BFE.highlight.minted) [192]
(_minted/1E695E62CDDC8810D23D298E81632D7F.highlight.minted)
(_minted/04218E3F5286822AD133BD55085A29A4.highlight.minted)
(_minted/66271AF36FA53C58A09087B87B63C5CF.highlight.minted) [193]
(_minted/4C7B05E18DE931B67C086C4FB7251A52.highlight.minted)
(_minted/68F567E3D0BF461BFD4FA129693AF3C9.highlight.minted)
Underfull \hbox (badness 3039) in paragraph at lines 13894--13895
[]\TU/DejaVuSans(0)/m/n/10 Setting a rounding/saturation component rebuilds \TU
/DejaVuSansMono(0)/m/n/10 DefaultProjection\TU/DejaVuSans(0)/m/n/10 ; setting \
TU/DejaVuSansMono(0)/m/n/10 DefaultProjection! \TU/DejaVuSans(0)/m/n/10 di-

Underfull \hbox (badness 1817) in paragraph at lines 13894--13895
\TU/DejaVuSans(0)/m/n/10 rectly updates both components. Always: \TU/DejaVuSans
Mono(0)/m/n/10 DefaultProjection() === ProjSpec(DefaultRoundingMode(),
(_minted/D5CA60D28354773B64A724EF69D5A173.highlight.minted) [194]
(_minted/FB8D488D0F6F33735979C7C62DBA50E8.highlight.minted)
Overfull \hbox (1.30995pt too wide) in paragraph at lines 13950--13950
[]\TU/DejaVuSans(0)/m/n/8 Ternary|  
(_minted/5F497B5D9E27C4C2218B2C72EA199CF4.highlight.minted)
(_minted/C691A956D02ECD203C4E932A2A759FCF.highlight.minted) [195]
(_minted/5F6EA2BFFA0C430E6E0491F2C9F249EB.highlight.minted)
(_minted/6B80485BF866A3E23B664DAFDC851388.highlight.minted)
(_minted/EE0901194FF4CEC2D2DB9A84262BD525.highlight.minted)
(_minted/A46E2A5EC78317FEE9ECCCC5DAB0BEE1.highlight.minted)
(_minted/5AD90EF4073A9F25C390B0F227B98C33.highlight.minted)
(_minted/363979A81B24883CFEEC60DBE21D7651.highlight.minted) [196]
Overfull \hbox (37.17235pt too wide) in paragraph at lines 14155--14155
[]\TU/DejaVuSansMono(0)/m/n/8 Vector{Binary{K,P,Σ,Δ}}(undef, 
[197]
Chapter 53.

LaTeX Warning: `h' float specifier changed to `ht'.

[198] [199]
Chapter 54.
[200] [201] (main.aux) )
(see the transcript file for additional information)
Output written on main.xdv (206 pages, 4627272 bytes).
Transcript written on main.log.
Latexmk: Getting log file 'main.log'
Latexmk: Examining 'main.fls'
Latexmk: Examining 'main.log'
Latexmk: Log file says output to 'main.xdv'
Latexmk: Using bibtex to make bibliography file(s).
Latexmk: applying rule 'xelatex'...
Rule 'xelatex':  Reasons for rerun
Changed files or newly in use/created:
  main.aux

------------
Run number 3 of rule 'xelatex'
------------
------------
Running 'xelatex -no-pdf -shell-escape -interaction=nonstopmode -halt-on-error -recorder  "main.tex"'
------------
This is XeTeX, Version 3.141592653-2.6-0.999998 (MiKTeX 26.5) (preloaded format=xelatex.fmt)
 \write18 enabled.
entering extended mode
(main.tex
LaTeX2e <2026-06-01>
L3 programming layer <2026-07-20>
(preamble.tex
(C:\Users\MrJSa\AppData\Local\Programs\MiKTeX\tex/latex/memoir\memoir.cls
Document Class: memoir 2025/11/04 v3.8.4b configurable book, report, article do
cument class
(C:\Users\MrJSa\AppData\Local\Programs\MiKTeX\tex/latex/xpatch\xpatch.sty
(C:\Users\MrJSa\AppData\Local\Programs\MiKTeX\tex/latex/l3kernel\expl3.sty
(C:\Users\MrJSa\AppData\Local\Programs\MiKTeX\tex/latex/l3backend\l3backend-xet
ex.def))
(C:\Users\MrJSa\AppData\Local\Programs\MiKTeX\tex/latex/l3packages/xparse\xpars
e.sty)
(C:\Users\MrJSa\AppData\Local\Programs\MiKTeX\tex/latex/etoolbox\etoolbox.sty))
(C:\Users\MrJSa\AppData\Local\Programs\MiKTeX\tex/generic/iftex\iftex.sty)
(C:\Users\MrJSa\AppData\Local\Programs\MiKTeX\tex/latex/memoir\mem10.clo)
(C:\Users\MrJSa\AppData\Local\Programs\MiKTeX\tex/latex/tools\array.sty)
(C:\Users\MrJSa\AppData\Local\Programs\MiKTeX\tex/latex/tools\dcolumn.sty)
(C:\Users\MrJSa\AppData\Local\Programs\MiKTeX\tex/latex/tools\delarray.sty)
(C:\Users\MrJSa\AppData\Local\Programs\MiKTeX\tex/latex/tools\tabularx.sty)
(C:\Users\MrJSa\AppData\Local\Programs\MiKTeX\tex/latex/booktabs\booktabs.sty)
(C:\Users\MrJSa\AppData\Local\Programs\MiKTeX\tex/latex/hyperref\nameref.sty
(C:\Users\MrJSa\AppData\Local\Programs\MiKTeX\tex/latex/refcount\refcount.sty
(C:\Users\MrJSa\AppData\Local\Programs\MiKTeX\tex/generic/ltxcmds\ltxcmds.sty)
(C:\Users\MrJSa\AppData\Local\Programs\MiKTeX\tex/generic/infwarerr\infwarerr.s
ty))
(C:\Users\MrJSa\AppData\Local\Programs\MiKTeX\tex/generic/gettitlestring\gettit
lestring.sty
(C:\Users\MrJSa\AppData\Local\Programs\MiKTeX\tex/latex/kvoptions\kvoptions.sty
(C:\Users\MrJSa\AppData\Local\Programs\MiKTeX\tex/latex/graphics\keyval.sty)
(C:\Users\MrJSa\AppData\Local\Programs\MiKTeX\tex/latex/kvsetkeys\kvsetkeys.sty
)))) (C:\Users\MrJSa\AppData\Local\Programs\MiKTeX\tex/latex/tools\verbatim.sty
) (C:\Users\MrJSa\AppData\Local\Programs\MiKTeX\tex/latex/base\shortvrb.sty))
(documenter.sty
(C:\Users\MrJSa\AppData\Local\Programs\MiKTeX\tex/latex/fontspec\fontspec.sty
(C:\Users\MrJSa\AppData\Local\Programs\MiKTeX\tex/latex/fontspec\fontspec-xetex
.sty (C:\Users\MrJSa\AppData\Local\Programs\MiKTeX\tex/latex/base\fontenc.sty)
(C:\Users\MrJSa\AppData\Local\Programs\MiKTeX\tex/latex/fontspec\fontspec.cfg))
)
(C:\Users\MrJSa\AppData\Local\Programs\MiKTeX\tex/latex/newunicodechar\newunico
dechar.sty)
(C:\Users\MrJSa\AppData\Local\Programs\MiKTeX\tex/latex/polyglossia\polyglossia
.sty
(C:\Users\MrJSa\AppData\Local\Programs\MiKTeX\tex/latex/polyglossia\gloss-latex
.ldf))
(C:\Users\MrJSa\AppData\Local\Programs\MiKTeX\tex/latex/xcolor\xcolor.sty
(C:\Users\MrJSa\AppData\Local\Programs\MiKTeX\tex/latex/graphics-cfg\color.cfg)
(C:\Users\MrJSa\AppData\Local\Programs\MiKTeX\tex/latex/graphics-def\xetex.def)
 (C:\Users\MrJSa\AppData\Local\Programs\MiKTeX\tex/latex/graphics\mathcolor.ltx
)) (C:\Users\MrJSa\AppData\Local\Programs\MiKTeX\tex/latex/amsmath\amsmath.sty
For additional information on amsmath, use the `?' option.
(C:\Users\MrJSa\AppData\Local\Programs\MiKTeX\tex/latex/amsmath\amstext.sty
(C:\Users\MrJSa\AppData\Local\Programs\MiKTeX\tex/latex/amsmath\amsgen.sty))
(C:\Users\MrJSa\AppData\Local\Programs\MiKTeX\tex/latex/amsmath\amsbsy.sty)
(C:\Users\MrJSa\AppData\Local\Programs\MiKTeX\tex/latex/amsmath\amsopn.sty))
(C:\Users\MrJSa\AppData\Local\Programs\MiKTeX\tex/latex/amsfonts\amssymb.sty
(C:\Users\MrJSa\AppData\Local\Programs\MiKTeX\tex/latex/amsfonts\amsfonts.sty))
 (C:\Users\MrJSa\AppData\Local\Programs\MiKTeX\tex/latex/minted\minted.sty
(C:\Users\MrJSa\AppData\Local\Programs\MiKTeX\tex/generic/catchfile\catchfile.s
ty
(C:\Users\MrJSa\AppData\Local\Programs\MiKTeX\tex/generic/etexcmds\etexcmds.sty
)) (C:\Users\MrJSa\AppData\Local\Programs\MiKTeX\tex/latex/fvextra\fvextra.sty
(C:\Users\MrJSa\AppData\Local\Programs\MiKTeX\tex/latex/fancyvrb\fancyvrb.sty)
(C:\Users\MrJSa\AppData\Local\Programs\MiKTeX\tex/generic/pdftexcmds\pdftexcmds
.sty)
(C:\Users\MrJSa\AppData\Local\Programs\MiKTeX\tex/latex/upquote\upquote.sty
(C:\Users\MrJSa\AppData\Local\Programs\MiKTeX\tex/latex/base\textcomp.sty))
(C:\Users\MrJSa\AppData\Local\Programs\MiKTeX\tex/latex/lineno\lineno.sty))
(C:\Users\MrJSa\AppData\Local\Programs\MiKTeX\tex/latex/latex2pydata\latex2pyda
ta.sty)
(C:\Users\MrJSa\AppData\Local\Programs\MiKTeX\tex/latex/pgf/utilities\pgfkeys.s
ty
(C:\Users\MrJSa\AppData\Local\Programs\MiKTeX\tex/generic/pgf/utilities\pgfkeys
.code.tex
(C:\Users\MrJSa\AppData\Local\Programs\MiKTeX\tex/generic/pgf/utilities\pgfkeys
libraryfiltered.code.tex)))
(C:\Users\MrJSa\AppData\Local\Programs\MiKTeX\tex/latex/pgfopts\pgfopts.sty)
(C:\Users\MrJSa\AppData\Local\Programs\MiKTeX\tex/latex/tools\shellesc.sty)
(C:\Users\MrJSa\AppData\Local\Programs\MiKTeX\tex/latex/float\float.sty))
(C:\Users\MrJSa\AppData\Local\Programs\MiKTeX\tex/latex/tabulary\tabulary.sty)
(C:\Users\MrJSa\AppData\Local\Programs\MiKTeX\tex/latex/hyperref\hyperref.sty
(C:\Users\MrJSa\AppData\Local\Programs\MiKTeX\tex/generic/kvdefinekeys\kvdefine
keys.sty)
(C:\Users\MrJSa\AppData\Local\Programs\MiKTeX\tex/generic/pdfescape\pdfescape.s
ty) (C:\Users\MrJSa\AppData\Local\Programs\MiKTeX\tex/latex/hycolor\hycolor.sty
)
(C:\Users\MrJSa\AppData\Local\Programs\MiKTeX\tex/generic/stringenc\stringenc.s
ty) (C:\Users\MrJSa\AppData\Local\Programs\MiKTeX\tex/latex/hyperref\pd1enc.def
) (C:\Users\MrJSa\AppData\Local\Programs\MiKTeX\tex/generic/intcalc\intcalc.sty
) (C:\Users\MrJSa\AppData\Local\Programs\MiKTeX\tex/latex/hyperref\puenc.def)
(C:\Users\MrJSa\AppData\Local\Programs\MiKTeX\tex/latex/url\url.sty)
(C:\Users\MrJSa\AppData\Local\Programs\MiKTeX\tex/generic/bitset\bitset.sty
(C:\Users\MrJSa\AppData\Local\Programs\MiKTeX\tex/generic/bigintcalc\bigintcalc
.sty)))
(C:\Users\MrJSa\AppData\Local\Programs\MiKTeX\tex/latex/hyperref\hxetex.def
(C:\Users\MrJSa\AppData\Local\Programs\MiKTeX\tex/latex/rerunfilecheck\rerunfil
echeck.sty
(C:\Users\MrJSa\AppData\Local\Programs\MiKTeX\tex/generic/uniquecounter\uniquec
ounter.sty)))
(C:\Users\MrJSa\AppData\Local\Programs\MiKTeX\tex/latex/memoir\memhfixc.sty)

Package hyperref Warning: Option `pdfpagelabels' has already been used,
(hyperref)                setting the option has no effect on input line 58.


Package hyperref Warning: Option `bookmarks' has already been used,
(hyperref)                setting the option has no effect on input line 58.


Package hyperref Warning: Option `hyperindex' has already been used,
(hyperref)                setting the option has no effect on input line 58.


******************************************************
Stock height and width: 794.96999pt by 614.295pt
Top and edge trims: 0pt and 0pt
Page height and width: 794.96999pt by 614.295pt
Text height and width: 622pt by 433pt
Spine and edge margins: 108.405pt and 72.26999pt
Upper and lower margins: 108.405pt and 64.56499pt
Headheight and headsep: 12pt and 24.13501pt
Footskip: 25.29494pt
Columnsep and columnseprule: 10pt and 0pt
Marginparsep and marginparwidth: 7pt and 58.26999pt
Sidecapsep and sidecapwidth: 7pt and 71pt
Sidebarhsep and sidebarwidth: 7pt and 71pt
Sidebarvsep and sidebartopsep: 12pt and 0pt
Sidebarheight: 548.39996pt
Sidefoothsep and sidefootwidth: 7pt and 71pt
Sidefootvsep and sidefootheight: 12pt and 548.39996pt
******************************************************

(C:\Users\MrJSa\AppData\Local\Programs\MiKTeX\tex/latex/graphics\graphicx.sty
(C:\Users\MrJSa\AppData\Local\Programs\MiKTeX\tex/latex/graphics\graphics.sty
(C:\Users\MrJSa\AppData\Local\Programs\MiKTeX\tex/latex/graphics\trig.sty)
(C:\Users\MrJSa\AppData\Local\Programs\MiKTeX\tex/latex/graphics-cfg\graphics.c
fg)))
(C:\Users\MrJSa\AppData\Local\Programs\MiKTeX\tex/latex/adjustbox\adjustbox.sty
(C:\Users\MrJSa\AppData\Local\Programs\MiKTeX\tex/latex/xkeyval\xkeyval.sty
(C:\Users\MrJSa\AppData\Local\Programs\MiKTeX\tex/generic/xkeyval\xkeyval.tex
(C:\Users\MrJSa\AppData\Local\Programs\MiKTeX\tex/generic/xkeyval\xkvutils.tex)
))
(C:\Users\MrJSa\AppData\Local\Programs\MiKTeX\tex/latex/adjustbox\adjcalc.sty)
(C:\Users\MrJSa\AppData\Local\Programs\MiKTeX\tex/latex/adjustbox\trimclip.sty
(C:\Users\MrJSa\AppData\Local\Programs\MiKTeX\tex/latex/collectbox\collectbox.s
ty)
(C:\Users\MrJSa\AppData\Local\Programs\MiKTeX\tex/latex/adjustbox\tc-xetex.def)
)
(C:\Users\MrJSa\AppData\Local\Programs\MiKTeX\tex/latex/ifoddpage\ifoddpage.sty
) (C:\Users\MrJSa\AppData\Local\Programs\MiKTeX\tex/latex/varwidth\varwidth.sty
)
==> First Aid for varwidth.sty applied!
)
(C:\Users\MrJSa\AppData\Local\Programs\MiKTeX\tex/latex/tcolorbox\tcolorbox.sty

(C:\Users\MrJSa\AppData\Local\Programs\MiKTeX\tex/latex/pgf/frontendlayer\tikz.
sty
(C:\Users\MrJSa\AppData\Local\Programs\MiKTeX\tex/latex/pgf/basiclayer\pgf.sty
(C:\Users\MrJSa\AppData\Local\Programs\MiKTeX\tex/latex/pgf/utilities\pgfrcs.st
y
(C:\Users\MrJSa\AppData\Local\Programs\MiKTeX\tex/generic/pgf/utilities\pgfutil
-common.tex)
(C:\Users\MrJSa\AppData\Local\Programs\MiKTeX\tex/generic/pgf/utilities\pgfutil
-latex.def)
(C:\Users\MrJSa\AppData\Local\Programs\MiKTeX\tex/generic/pgf/utilities\pgfrcs.
code.tex
(C:\Users\MrJSa\AppData\Local\Programs\MiKTeX\tex/generic/pgf\pgf.revision.tex)
))
(C:\Users\MrJSa\AppData\Local\Programs\MiKTeX\tex/latex/pgf/basiclayer\pgfcore.
sty
(C:\Users\MrJSa\AppData\Local\Programs\MiKTeX\tex/latex/pgf/systemlayer\pgfsys.
sty
(C:\Users\MrJSa\AppData\Local\Programs\MiKTeX\tex/generic/pgf/systemlayer\pgfsy
s.code.tex
(C:\Users\MrJSa\AppData\Local\Programs\MiKTeX\tex/generic/pgf/systemlayer\pgf.c
fg)
(C:\Users\MrJSa\AppData\Local\Programs\MiKTeX\tex/generic/pgf/systemlayer\pgfsy
s-xetex.def
(C:\Users\MrJSa\AppData\Local\Programs\MiKTeX\tex/generic/pgf/systemlayer\pgfsy
s-dvipdfmx.def
(C:\Users\MrJSa\AppData\Local\Programs\MiKTeX\tex/generic/pgf/systemlayer\pgfsy
s-common-pdf.def))))
(C:\Users\MrJSa\AppData\Local\Programs\MiKTeX\tex/generic/pgf/systemlayer\pgfsy
ssoftpath.code.tex)
(C:\Users\MrJSa\AppData\Local\Programs\MiKTeX\tex/generic/pgf/systemlayer\pgfsy
sprotocol.code.tex))
(C:\Users\MrJSa\AppData\Local\Programs\MiKTeX\tex/generic/pgf/basiclayer\pgfcor
e.code.tex
(C:\Users\MrJSa\AppData\Local\Programs\MiKTeX\tex/generic/pgf/math\pgfmath.code
.tex
(C:\Users\MrJSa\AppData\Local\Programs\MiKTeX\tex/generic/pgf/math\pgfmathutil.
code.tex)
(C:\Users\MrJSa\AppData\Local\Programs\MiKTeX\tex/generic/pgf/math\pgfmathparse
r.code.tex)
(C:\Users\MrJSa\AppData\Local\Programs\MiKTeX\tex/generic/pgf/math\pgfmathfunct
ions.code.tex)
(C:\Users\MrJSa\AppData\Local\Programs\MiKTeX\tex/generic/pgf/math\pgfmathfunct
ions.basic.code.tex)
(C:\Users\MrJSa\AppData\Local\Programs\MiKTeX\tex/generic/pgf/math\pgfmathfunct
ions.trigonometric.code.tex)
(C:\Users\MrJSa\AppData\Local\Programs\MiKTeX\tex/generic/pgf/math\pgfmathfunct
ions.random.code.tex)
(C:\Users\MrJSa\AppData\Local\Programs\MiKTeX\tex/generic/pgf/math\pgfmathfunct
ions.comparison.code.tex)
(C:\Users\MrJSa\AppData\Local\Programs\MiKTeX\tex/generic/pgf/math\pgfmathfunct
ions.base.code.tex)
(C:\Users\MrJSa\AppData\Local\Programs\MiKTeX\tex/generic/pgf/math\pgfmathfunct
ions.round.code.tex)
(C:\Users\MrJSa\AppData\Local\Programs\MiKTeX\tex/generic/pgf/math\pgfmathfunct
ions.misc.code.tex)
(C:\Users\MrJSa\AppData\Local\Programs\MiKTeX\tex/generic/pgf/math\pgfmathfunct
ions.integerarithmetics.code.tex)
(C:\Users\MrJSa\AppData\Local\Programs\MiKTeX\tex/generic/pgf/math\pgfmathcalc.
code.tex)
(C:\Users\MrJSa\AppData\Local\Programs\MiKTeX\tex/generic/pgf/math\pgfmathfloat
.code.tex))
(C:\Users\MrJSa\AppData\Local\Programs\MiKTeX\tex/generic/pgf/math\pgfint.code.
tex)
(C:\Users\MrJSa\AppData\Local\Programs\MiKTeX\tex/generic/pgf/basiclayer\pgfcor
epoints.code.tex)
(C:\Users\MrJSa\AppData\Local\Programs\MiKTeX\tex/generic/pgf/basiclayer\pgfcor
epathconstruct.code.tex)
(C:\Users\MrJSa\AppData\Local\Programs\MiKTeX\tex/generic/pgf/basiclayer\pgfcor
epathusage.code.tex)
(C:\Users\MrJSa\AppData\Local\Programs\MiKTeX\tex/generic/pgf/basiclayer\pgfcor
escopes.code.tex)
(C:\Users\MrJSa\AppData\Local\Programs\MiKTeX\tex/generic/pgf/basiclayer\pgfcor
egraphicstate.code.tex)
(C:\Users\MrJSa\AppData\Local\Programs\MiKTeX\tex/generic/pgf/basiclayer\pgfcor
etransformations.code.tex)
(C:\Users\MrJSa\AppData\Local\Programs\MiKTeX\tex/generic/pgf/basiclayer\pgfcor
equick.code.tex)
(C:\Users\MrJSa\AppData\Local\Programs\MiKTeX\tex/generic/pgf/basiclayer\pgfcor
eobjects.code.tex)
(C:\Users\MrJSa\AppData\Local\Programs\MiKTeX\tex/generic/pgf/basiclayer\pgfcor
epathprocessing.code.tex)
(C:\Users\MrJSa\AppData\Local\Programs\MiKTeX\tex/generic/pgf/basiclayer\pgfcor
earrows.code.tex)
(C:\Users\MrJSa\AppData\Local\Programs\MiKTeX\tex/generic/pgf/basiclayer\pgfcor
eshade.code.tex)
(C:\Users\MrJSa\AppData\Local\Programs\MiKTeX\tex/generic/pgf/basiclayer\pgfcor
eimage.code.tex)
(C:\Users\MrJSa\AppData\Local\Programs\MiKTeX\tex/generic/pgf/basiclayer\pgfcor
eexternal.code.tex)
(C:\Users\MrJSa\AppData\Local\Programs\MiKTeX\tex/generic/pgf/basiclayer\pgfcor
elayers.code.tex)
(C:\Users\MrJSa\AppData\Local\Programs\MiKTeX\tex/generic/pgf/basiclayer\pgfcor
etransparency.code.tex)
(C:\Users\MrJSa\AppData\Local\Programs\MiKTeX\tex/generic/pgf/basiclayer\pgfcor
epatterns.code.tex)
(C:\Users\MrJSa\AppData\Local\Programs\MiKTeX\tex/generic/pgf/basiclayer\pgfcor
erdf.code.tex)))
(C:\Users\MrJSa\AppData\Local\Programs\MiKTeX\tex/generic/pgf/modules\pgfmodule
shapes.code.tex)
(C:\Users\MrJSa\AppData\Local\Programs\MiKTeX\tex/generic/pgf/modules\pgfmodule
plot.code.tex)
(C:\Users\MrJSa\AppData\Local\Programs\MiKTeX\tex/latex/pgf/compatibility\pgfco
mp-version-0-65.sty)
(C:\Users\MrJSa\AppData\Local\Programs\MiKTeX\tex/latex/pgf/compatibility\pgfco
mp-version-1-18.sty))
(C:\Users\MrJSa\AppData\Local\Programs\MiKTeX\tex/latex/pgf/utilities\pgffor.st
y (C:\Users\MrJSa\AppData\Local\Programs\MiKTeX\tex/latex/pgf/math\pgfmath.sty
(C:\Users\MrJSa\AppData\Local\Programs\MiKTeX\tex/generic/pgf/math\pgfmath.code
.tex))
(C:\Users\MrJSa\AppData\Local\Programs\MiKTeX\tex/generic/pgf/utilities\pgffor.
code.tex))
(C:\Users\MrJSa\AppData\Local\Programs\MiKTeX\tex/generic/pgf/frontendlayer/tik
z\tikz.code.tex
(C:\Users\MrJSa\AppData\Local\Programs\MiKTeX\tex/generic/pgf/libraries\pgflibr
aryplothandlers.code.tex)
(C:\Users\MrJSa\AppData\Local\Programs\MiKTeX\tex/generic/pgf/modules\pgfmodule
matrix.code.tex)
(C:\Users\MrJSa\AppData\Local\Programs\MiKTeX\tex/generic/pgf/frontendlayer/tik
z/libraries\tikzlibrarytopaths.code.tex)))
(C:\Users\MrJSa\AppData\Local\Programs\MiKTeX\tex/latex/environ\environ.sty
(C:\Users\MrJSa\AppData\Local\Programs\MiKTeX\tex/latex/trimspaces\trimspaces.s
ty)))) (custom.sty

******************************************************
Stock height and width: 794.96999pt by 614.295pt
Top and edge trims: 0pt and 0pt
Page height and width: 794.96999pt by 614.295pt
Text height and width: 646pt by 455pt
Spine and edge margins: 79.49744pt and 79.49744pt
Upper and lower margins: 83.11005pt and 65.85994pt
Headheight and headsep: 12pt and 27.74762pt
Footskip: 25.29494pt
Columnsep and columnseprule: 10pt and 0pt
Marginparsep and marginparwidth: 7pt and 65.49744pt
Sidecapsep and sidecapwidth: 7pt and 71pt
Sidebarhsep and sidebarwidth: 7pt and 71pt
Sidebarvsep and sidebartopsep: 12pt and 0pt
Sidebarheight: 548.39996pt
Sidefoothsep and sidefootwidth: 7pt and 71pt
Sidefootvsep and sidefootheight: 12pt and 548.39996pt
******************************************************

) (main.aux) (main.out) (main.out) [1] (main.toc
(C:\Users\MrJSa\AppData\Local\Programs\MiKTeX\tex/latex/amsfonts\umsa.fd)
(C:\Users\MrJSa\AppData\Local\Programs\MiKTeX\tex/latex/amsfonts\umsb.fd)
[2] [3]
Overfull \hbox (4.23534pt too wide) detected at line 303
 \TU/DejaVuSans(0)/b/n/10 106

Overfull \hbox (2.82689pt too wide) detected at line 304
 \TU/DejaVuSans(0)/m/n/10 106

Overfull \hbox (4.23534pt too wide) detected at line 311
 \TU/DejaVuSans(0)/b/n/10 109

Overfull \hbox (2.82689pt too wide) detected at line 312
 \TU/DejaVuSans(0)/m/n/10 109

Overfull \hbox (4.23534pt too wide) detected at line 320
 \TU/DejaVuSans(0)/b/n/10 112

Overfull \hbox (2.82689pt too wide) detected at line 321
 \TU/DejaVuSans(0)/m/n/10 112

Overfull \hbox (4.23534pt too wide) detected at line 330
 \TU/DejaVuSans(0)/b/n/10 116

Overfull \hbox (2.82689pt too wide) detected at line 331
 \TU/DejaVuSans(0)/m/n/10 116

Overfull \hbox (4.23534pt too wide) detected at line 339
 \TU/DejaVuSans(0)/b/n/10 119

Overfull \hbox (2.82689pt too wide) detected at line 340
 \TU/DejaVuSans(0)/m/n/10 119

Overfull \hbox (4.23534pt too wide) detected at line 348
 \TU/DejaVuSans(0)/b/n/10 122

Overfull \hbox (2.82689pt too wide) detected at line 349
 \TU/DejaVuSans(0)/m/n/10 122

Overfull \hbox (4.23534pt too wide) detected at line 355
 \TU/DejaVuSans(0)/b/n/10 126

Overfull \hbox (2.82689pt too wide) detected at line 356
 \TU/DejaVuSans(0)/m/n/10 126

Overfull \hbox (4.23534pt too wide) detected at line 362
 \TU/DejaVuSans(0)/b/n/10 128

Overfull \hbox (2.82689pt too wide) detected at line 363
 \TU/DejaVuSans(0)/m/n/10 128

Overfull \hbox (4.23534pt too wide) detected at line 365
 \TU/DejaVuSans(0)/b/n/10 141

Overfull \hbox (2.82689pt too wide) detected at line 366
 \TU/DejaVuSans(0)/m/n/10 141

Overfull \hbox (4.23534pt too wide) detected at line 369
 \TU/DejaVuSans(0)/b/n/10 152

Overfull \hbox (2.82689pt too wide) detected at line 370
 \TU/DejaVuSans(0)/m/n/10 152

Overfull \hbox (4.23534pt too wide) detected at line 376
 \TU/DejaVuSans(0)/b/n/10 154

Overfull \hbox (2.82689pt too wide) detected at line 377
 \TU/DejaVuSans(0)/m/n/10 154

Overfull \hbox (4.23534pt too wide) detected at line 380
 \TU/DejaVuSans(0)/b/n/10 156

Overfull \hbox (2.82689pt too wide) detected at line 381
 \TU/DejaVuSans(0)/m/n/10 156

Overfull \hbox (4.23534pt too wide) detected at line 390
 \TU/DejaVuSans(0)/b/n/10 158

Overfull \hbox (2.82689pt too wide) detected at line 391
 \TU/DejaVuSans(0)/m/n/10 158

Overfull \hbox (4.23534pt too wide) detected at line 400
 \TU/DejaVuSans(0)/b/n/10 160

Overfull \hbox (2.82689pt too wide) detected at line 401
 \TU/DejaVuSans(0)/m/n/10 160

Overfull \hbox (4.23534pt too wide) detected at line 407
 \TU/DejaVuSans(0)/b/n/10 163

Overfull \hbox (2.82689pt too wide) detected at line 408
 \TU/DejaVuSans(0)/m/n/10 163

Overfull \hbox (4.23534pt too wide) detected at line 416
 \TU/DejaVuSans(0)/b/n/10 165

Overfull \hbox (2.82689pt too wide) detected at line 417
 \TU/DejaVuSans(0)/m/n/10 165

Overfull \hbox (4.23534pt too wide) detected at line 428
 \TU/DejaVuSans(0)/b/n/10 169

Overfull \hbox (2.82689pt too wide) detected at line 429
 \TU/DejaVuSans(0)/m/n/10 169

Overfull \hbox (4.23534pt too wide) detected at line 435
 \TU/DejaVuSans(0)/b/n/10 171

Overfull \hbox (2.82689pt too wide) detected at line 436
 \TU/DejaVuSans(0)/m/n/10 171

Overfull \hbox (4.23534pt too wide) detected at line 449
 \TU/DejaVuSans(0)/b/n/10 179

Overfull \hbox (2.82689pt too wide) detected at line 450
 \TU/DejaVuSans(0)/m/n/10 179

Overfull \hbox (4.23534pt too wide) detected at line 457
 \TU/DejaVuSans(0)/b/n/10 183

Overfull \hbox (2.82689pt too wide) detected at line 458
 \TU/DejaVuSans(0)/m/n/10 183

Overfull \hbox (4.23534pt too wide) detected at line 463
 \TU/DejaVuSans(0)/b/n/10 185

Overfull \hbox (2.82689pt too wide) detected at line 464
 \TU/DejaVuSans(0)/m/n/10 186
[4]
Overfull \hbox (4.23534pt too wide) detected at line 467
 \TU/DejaVuSans(0)/b/n/10 188

Overfull \hbox (2.82689pt too wide) detected at line 468
 \TU/DejaVuSans(0)/m/n/10 188

Overfull \hbox (4.23534pt too wide) detected at line 475
 \TU/DejaVuSans(0)/b/n/10 191

Overfull \hbox (2.82689pt too wide) detected at line 476
 \TU/DejaVuSans(0)/m/n/10 191

Overfull \hbox (4.23534pt too wide) detected at line 491
 \TU/DejaVuSans(0)/b/n/10 198

Overfull \hbox (2.82689pt too wide) detected at line 492
 \TU/DejaVuSans(0)/m/n/10 198

Overfull \hbox (4.23534pt too wide) detected at line 494
 \TU/DejaVuSans(0)/b/n/10 200

Overfull \hbox (2.82689pt too wide) detected at line 495
 \TU/DejaVuSans(0)/m/n/10 200
)) [5] [1]
Chapter 1.
(_FAD58DE7366495DB4650CFEFAC2FCD61.config.minted) (_minted/default.style.minted
) (_minted/B9929C0E7668CCEB3BD74630E4EFB123.highlight.minted) [2]
(_minted/D26A3501B861DCF71CDA5D2631EA139C.highlight.minted) [3] [4]
Chapter 2.
(_minted/3AA4F61E1679525BD28BE452024D5596.highlight.minted)
(_minted/8D5C80A3F5A30E6B0A7C1C05D19589B1.highlight.minted)
Overfull \hbox (7.38509pt too wide) in paragraph at lines 190--191
[]\TU/DejaVuSans(0)/m/n/10 For an editable install, \TU/DejaVuSansMono(0)/m/n/1
0 pkg> dev https://github.com/JeffreySarnoff/SmallFloats.jl \TU/DejaVuSans(0)/m
/n/10 clones into \TU/DejaVuSansMono(0)/m/n/10 ~/.julia/dev\TU/DejaVuSans(0)/m/
n/10 ,
(_minted/3EA8D141404C24DB83FB45BF9D33E0E3.highlight.minted)
(_minted/C5FE61E106278D02042B2EB972D5F848.highlight.minted) [5]
Chapter 3.
(_minted/BAC4E7F00F4975EB3AF9F82025AE3142.highlight.minted)
(_minted/D0396CD9B3DED6C2C7EDE55F04C6CF50.highlight.minted)
(_minted/56B5D17D5F58DE4263E4BDFFDBA64BE0.highlight.minted)
(_minted/D26A3501B861DCF71CDA5D2631EA139C.highlight.minted)
(_minted/9FB53275998E4D43FE51BC0B3D3F9D97.highlight.minted) [6]
(_minted/E9616F543B972F24B05DE61B932E6904.highlight.minted)
(_minted/6601A1B687FB379AC79C4B2B5CCB8B57.highlight.minted)
(_minted/BBF43A2362E9C84A79E384A6A466374B.highlight.minted) [7]
(_minted/E8AB2A8BD6E256A8382A210017B9CC8F.highlight.minted)
(_minted/D9987E845F8CF01C5073D5E462A976DE.highlight.minted)
(_minted/B0683E93894E2308861E4EA3BC0B76EE.highlight.minted) [8] [9]
Chapter 4.
(_minted/6B6F8E997C0F869447F399662EAAF8FD.highlight.minted) [10]
(_minted/A206F77C3F13F3F37817C790E26BA4C7.highlight.minted)
(_minted/A0FF0CB26463FD92E1D6A0FF175555B3.highlight.minted)
(_minted/AE18751B90096B431142D00BA18A0644.highlight.minted) [11]
(_minted/8A200A5D2A341BDDBA6C0128A1A7DBA3.highlight.minted) [12]
(_minted/EEAF200D3D9FA957E8A3D2647F88776B.highlight.minted) [13] [14] [15]
Chapter 5.
[16] [17]
Chapter 6.
(_minted/83B795ED5334DC684213FFA0DFA904FF.highlight.minted)
(_minted/B62D0368F5D599863B8092FF94BA9000.highlight.minted)
(_minted/532239694CFE782D178F425F8675CA66.highlight.minted) [18]
Overfull \hbox (7.39253pt too wide) in paragraph at lines 1085--1085
[]\TU/DejaVuSansMono(0)/m/n/8 SatPropagate|  
[19] [20]
Chapter 7.
(_minted/DFDC422117CA3F17F39DAE27519B2200.highlight.minted)
(_minted/9780D68396080CFBE6DEBEA792778AA5.highlight.minted) [21]
(_minted/06B731451908BBA226C65A09AED07FE6.highlight.minted) [22]
(_minted/0CDBE95BBF856D8DEFC58732F7941E2A.highlight.minted)
(_minted/A96D01A7E32D1EF1EF44D03B1CA2BD99.highlight.minted) [23]
Chapter 8.
(_minted/2092C94B75924CAD5DABC29E33C26FF8.highlight.minted)
(_minted/D26A3501B861DCF71CDA5D2631EA139C.highlight.minted) [24]
(_minted/C6BFEC4E30E122D2E410DD2AAF3FD158.highlight.minted)
(_minted/67035D4DF2E4AE363A6E23B840876D89.highlight.minted) [25]
(_minted/BB0D58EDAE4501B92F8201FC59EB9659.highlight.minted)
(_minted/275DAF239161B75DE0E7C0CF4327A280.highlight.minted) [26]
(_minted/3B4328D175F57BD3BE391B729AEE7848.highlight.minted)
(_minted/98295CC291D6BE5BCC3560AAB3068BC2.highlight.minted) [27] [28]
Chapter 9.
(_minted/AE18751B90096B431142D00BA18A0644.highlight.minted) [29]
(_minted/CD10FACBC157C89FC48F02ED77225FBE.highlight.minted) [30] [31]
Chapter 10.
(_minted/AE4A34F07F66AFEBB1273A5158E3E3DA.highlight.minted)
Underfull \hbox (badness 1314) in paragraph at lines 1839--1840
[]\TU/DejaVuSans(0)/m/n/10 SmallFloats represents the pair as \TU/DejaVuSansMon
o(0)/m/n/10 ProjSpec(rounding, saturation)\TU/DejaVuSans(0)/m/n/10 . A name lik
e \TU/DejaVuSansMono(0)/m/n/10 RNE_SN \TU/DejaVuSans(0)/m/n/10 is \TU/DejaVuSan
sMono(0)/m/n/10 ProjSpec(
[32] [33]
Chapter 11.
(_minted/460FDA364FF400CC168AF3F7B946A191.highlight.minted)
(_minted/A41A00FC3BE13C5142F387AFD66470D4.highlight.minted)
(_minted/9A54700733F874B5C5EB52DCF6DF1BEB.highlight.minted) [34] [35] [36]
Chapter 12.
(_minted/3D5C880C81880161FA494C6D433907CA.highlight.minted) [37]
(_minted/C2546AFDB296AA859F5CBC2ED8B4BDAD.highlight.minted)
(_minted/AA42F20427086358306B3D82D9E96ED8.highlight.minted) [38] [39]
Chapter 13.
(_minted/AB39BF5BE9EA50DFC34BBFF62E1DDFE4.highlight.minted)
(_minted/E32F50E2645BE3AC5222D37B05CAE614.highlight.minted)
(_minted/DC49FF7BDC529DA749428D5440E1221C.highlight.minted) [40] [41]
Chapter 14.
[42] (_minted/7EF23344FA46AF4F11EC0F37636EA7F1.highlight.minted)
(_minted/710027EFC5FF9EC8FF12F61F22F37758.highlight.minted)
(_minted/F04CA646F47C1748CD3F93A63E965A44.highlight.minted)
(_minted/1AA98BB5BB8CED075149A95AEF9DAAF2.highlight.minted) [43]
(_minted/F493688D03C1EC7F946E39E089D50013.highlight.minted)
(_minted/433AD3802AD02CEFD394558E80CD8AF8.highlight.minted)
(_minted/47D8DD6E6B0260AD917E30844734C1EC.highlight.minted)
(_minted/7B1506099FC261126B610E56AF35D89E.highlight.minted) [44]
(_minted/5B63B2DDA81B8000F1BEF437C8BB3F8A.highlight.minted)
(_minted/1A143EFC556D31322C1E679161C2EF62.highlight.minted) [45] [46]
Chapter 15.
(_minted/6B6F8E997C0F869447F399662EAAF8FD.highlight.minted) [47]
(_minted/4C6543F4000BC78D7314E983FDA251C3.highlight.minted)
(_minted/A9E21D771C22D67F072CAFA2371137EE.highlight.minted)
(_minted/5B7405B474209256635709FEDFA310E7.highlight.minted) [48] [49]
Chapter 16.
(_minted/7BAF8697806D2F49FFE1B71C32BC9237.highlight.minted)
(_minted/AB39BF5BE9EA50DFC34BBFF62E1DDFE4.highlight.minted)
(_minted/D97BF37325E95CC4B138F1A5797EF736.highlight.minted) [50]
(_minted/D9987E845F8CF01C5073D5E462A976DE.highlight.minted)
(_minted/AE5CB71072B63DDCC6CD6DCCE4C0D60F.highlight.minted) [51] [52]
Chapter 17.
(_minted/3A97E3304EBE560D1BFF69BB9B4E6168.highlight.minted)
(_minted/F9C6B90F44FDA4EE857E1D3944DA2329.highlight.minted)
(_minted/160AFB7182767C61BB22FEFAEF4A120A.highlight.minted)
(_minted/1E4A23916D8F0BB2EB25B76A3C622DF5.highlight.minted) [53]
(_minted/BC77637D0A1C7B9D0DE47DDF8DA51079.highlight.minted)
(_minted/30E9E5BE36187E171E851E0197B211B9.highlight.minted)
(_minted/D0010330DD6FC3FC496CF671CB91199C.highlight.minted)
(_minted/F3B7A3CA57206D206040B446B728FF6B.highlight.minted) [54] [55]
Chapter 18.
(_minted/8962C2E8E8705DAEF1F021AD555BF604.highlight.minted)
(_minted/97A14316F4786B086098B397F512053F.highlight.minted)
(_minted/B2AC6DED7DEAE7A8CCADE8C287E45F6E.highlight.minted) [56]
(_minted/4754A511BE34900225160032720D49B8.highlight.minted) [57] [58]
Chapter 19.
(_minted/5EFE85046DAABDEE0C3D3B07C34410F1.highlight.minted)
(_minted/5B697BCF65E0F011F905D526FFD2E528.highlight.minted)
(_minted/C9757C0A744C0D4ED97DBE6AB910F125.highlight.minted) [59]
(_minted/830A701BA754EFA1DF6693599FA9A56B.highlight.minted)
(_minted/E75B007F2E1EF4D12B847ADE884DCEAB.highlight.minted)
(_minted/CE05182F2EFFEFFA350F6EBC197124DA.highlight.minted)
(_minted/9633351306BD22C4084182BAC7DF98FB.highlight.minted) [60]
Underfull \hbox (badness 2418) in paragraph at lines 3854--3855
\TU/DejaVuSans(0)/m/n/10 You have raw \TU/DejaVuSansMono(0)/m/n/10 Float64 \TU/
DejaVuSans(0)/m/n/10 data with widely varying per-row magnitude, and you want t
o quantize it into
[61]
Chapter 20.
(_minted/64A4EA5EB6532A19C33312092E4AF3AF.highlight.minted) [62]
(_minted/2D0B52BD17BFCE453CF4D827A62BB8A6.highlight.minted)
(_minted/672A14395B5D0CE3F396D2DF353F252D.highlight.minted)
(_minted/67035D4DF2E4AE363A6E23B840876D89.highlight.minted) [63]
(_minted/0FF95AA87C316FCFA1D126DF714E6DA6.highlight.minted) [64]
Chapter 21.
(_minted/98F5386DDD47ED287FCD3503E5ED435A.highlight.minted)
(_minted/969287AC9A21E1BA4FE18B32B9454BF7.highlight.minted)
(_minted/CD195A88CD88B34301915FA586BF6901.highlight.minted)
(_minted/903E98343CB44DA205E5AA24F0AAAADC.highlight.minted) [65] [66]
Chapter 22.

Underfull \hbox (badness 2521) in paragraph at lines 4328--4329
[]\TU/DejaVuSans(0)/b/n/10 2. Always convert — never reinterpret. \TU/DejaVuSan
sMono(0)/m/n/10 Convert \TU/DejaVuSans(0)/m/n/10 is a real conversion: \TU/Deja
VuSansMono(0)/m/n/10 Float16(1.5) \TU/DejaVuSans(0)/m/n/10 becomes
(_minted/775874F3E0CFBA2907973AC955E13448.highlight.minted) [67] [68] [69]
Chapter 23.
(_minted/18B4172FA3C710074D143229FC286855.highlight.minted)
(_minted/0A534092327EE7E8E91F065D7370CA12.highlight.minted) [70] [71]
Chapter 24.

Underfull \hbox (badness 1320) in paragraph at lines 4545--4546
[]\TU/DejaVuSansMono(0)/m/n/10 register_approx!(name, opname, resultformat, ope
randformats, ρ, fn; κ) \TU/DejaVuSans(0)/m/n/10 to register the imple-
(_minted/D8C1FB07270C1C16C7D11FDB4554BAD9.highlight.minted)
(_minted/E5E3760E94EF4614E4019DC8A32C2DC9.highlight.minted)
(_minted/B54C23B409B53940A87F373B47338EB3.highlight.minted)
(_minted/BF094D000FAD948FA33DBF4F0930465C.highlight.minted) [72]
(_minted/3C92010AF59B21D1DF1812F21BEF484C.highlight.minted) [73] [74]
Chapter 25.
(_minted/B2856C8351738DD764D1ACCBC723A4CB.highlight.minted)
(_minted/315C24495126DACD5BE3810CAD42ACED.highlight.minted) [75] [76]
Chapter 26.
[77] [78] [79]
Chapter 27.
(_minted/7CE0FE75334FAE7582C9B725CA897FC0.highlight.minted)
(_minted/B2AC6DED7DEAE7A8CCADE8C287E45F6E.highlight.minted) [80]
(_minted/489DEBC12C96BF57879C8118F5A2EFAB.highlight.minted)
(_minted/B2629356CAADD8D22605B59CE9908EC4.highlight.minted)
(_minted/1BDF700D8D4961E6245F18FC97FAD7EA.highlight.minted)
(_minted/91836817704D6CE4D37B7ABD44DE8AE4.highlight.minted) [81]
(_minted/511CBC6B73DB47881BBAFDB15A1744FB.highlight.minted)
(_minted/6C1807A562D605311454D2C18C9B14D3.highlight.minted) [82]
(_minted/6ECB88C7783E09123598C206D1B8E15D.highlight.minted)
(_minted/0946B41F701D0C5DFE0FC1586B1CAFD4.highlight.minted)
(_minted/4C6543F4000BC78D7314E983FDA251C3.highlight.minted)
(_minted/A9E21D771C22D67F072CAFA2371137EE.highlight.minted)
(_minted/3EDD69D9E693B872B8BED18A5E24DBCB.highlight.minted)
(_minted/3D7129C114B63EFD6EC0D7605C6F089F.highlight.minted) [83]
(_minted/830A701BA754EFA1DF6693599FA9A56B.highlight.minted)
(_minted/E75B007F2E1EF4D12B847ADE884DCEAB.highlight.minted) [84]
(_minted/CE05182F2EFFEFFA350F6EBC197124DA.highlight.minted)
(_minted/9633351306BD22C4084182BAC7DF98FB.highlight.minted)
(_minted/5CA19011C1CAF19DB37E072C46CC8332.highlight.minted)
(_minted/5BEEE1505E530EE895CEA671FD28E705.highlight.minted)
(_minted/1A0BD8E9C34086D3C2BC8CB479E49EFF.highlight.minted)
(_minted/CBE5D79F1C7195DD20C7ACDE83986D84.highlight.minted) [85]
(_minted/C4A88D709FB44F76F04D11F0E20E97C5.highlight.minted)
(_minted/D63783A76A3005DA449D584C9A70D93E.highlight.minted)
(_minted/C72F32E9791BD61790293E2B78509B83.highlight.minted)
(_minted/E4828DF9129A5DF96CBE92952A01A820.highlight.minted) [86]
Chapter 28.

Underfull \hbox (badness 1881) in paragraph at lines 5597--5598
\TU/DejaVuSans(0)/m/n/10 Internals-level recipes: pipeline introspection, exhau
stive verification of your own code, κ measurement,

Underfull \hbox (badness 2035) in paragraph at lines 5597--5598
\TU/DejaVuSans(0)/m/n/10 and doctrine-compliant benchmarking. These use unexpor
ted names (\TU/DejaVuSansMono(0)/m/n/10 SmallFloats.round_to_precision\TU/DejaV
uSans(0)/m/n/10 ,
(_minted/6E5DEB97B02B4DA5E62FE96C955BAE61.highlight.minted)
(_minted/CD10FACBC157C89FC48F02ED77225FBE.highlight.minted)
(_minted/B84DA269CFFD07153F1E0CC5C24C7574.highlight.minted) [87]
(_minted/F067CBB10162A225F20946BA40DE0784.highlight.minted)
(_minted/39A3F4AB0EE64B97869F63EC5D8AA849.highlight.minted)
(_minted/5E95A57CA64D472425E61EAEC75237EB.highlight.minted)
(_minted/17FE4968B0468E716E0DC9AC3E0D4C60.highlight.minted)
(_minted/975206E24CD7374FFE41B861B2661F40.highlight.minted)
(_minted/8708480A8027601187CC5DF7D3B04740.highlight.minted) [88]
(_minted/C4804E5F877B15BB6676338177CA6899.highlight.minted)
(_minted/17FE4968B0468E716E0DC9AC3E0D4C60.highlight.minted) [89]
(_minted/9A1A236A3CE94F4B8D5D0A29816F48D9.highlight.minted)
(_minted/E0DABDB69462EAC2D46589B478202797.highlight.minted)
(_minted/EB85BCF762F15CC5BF6883CD4D7607AD.highlight.minted)
(_minted/5DA60DBD8716BF6814A2D6E74F472B33.highlight.minted)
(_minted/18B4172FA3C710074D143229FC286855.highlight.minted) [90]
(_minted/3010A19865BD05CA72A515021F68A2C3.highlight.minted)
(_minted/17FE4968B0468E716E0DC9AC3E0D4C60.highlight.minted)
(_minted/8DBC868E46947A5C99C88474FBCAB914.highlight.minted)
(_minted/05D570C6A3EF8CE12104C2330266F864.highlight.minted)
(_minted/A41E58838A436308495231F8C1D8948B.highlight.minted)
(_minted/5629BD859A40512610090C03F3E83041.highlight.minted) [91]
(_minted/7D323C90275D3D8E862D103B0DB09586.highlight.minted)
(_minted/803CEB4EA91E6328173314495AD188D1.highlight.minted)
(_minted/A7975FFF826CF2E0B041466DF0CA5077.highlight.minted) [92]
(_minted/ECDBF304A9309D605A42E3A353466F71.highlight.minted)
(_minted/3AE8DD3D2E83204974E9177CE6DA0FFE.highlight.minted) [93]
Chapter 29.
[94]

LaTeX Warning: `h' float specifier changed to `ht'.


LaTeX Warning: `h' float specifier changed to `ht'.


LaTeX Warning: `h' float specifier changed to `ht'.

[95] [96] [97]

LaTeX Warning: `h' float specifier changed to `ht'.

[98] [99] [100] [101] [102] [103] [104] [105]
Chapter 30.
[106] (_minted/81887979057A8F123C2C0B5BDBCC2879.highlight.minted) [107]
(_minted/2421E1FE62E2C37C4DEA48BF62711E79.highlight.minted) [108]
Chapter 31.
(_minted/A4E24BC5E767FE3E605019CBAFF2B867.highlight.minted) [109]
(_minted/B42EFAB219D7D8C31D90A7A3919D3FAB.highlight.minted)
Overfull \hbox (6.05873pt too wide) in paragraph at lines 7531--7531
[]\TU/DejaVuSansMono(0)/m/n/8 SatFinite|  

Overfull \hbox (17.4464pt too wide) in paragraph at lines 7531--7531
[]\TU/DejaVuSansMono(0)/m/n/8 SatPropagate|  
(_minted/AC89DD86AF72D0E9D4671681C8FEDEC9.highlight.minted) [110] [111]
Chapter 32.
[112] [113]
Overfull \hbox (4.49115pt too wide) in paragraph at lines 7727--7727
[]\TU/DejaVuSansMono(0)/m/n/8 Convert|  
[114] (_minted/434F98B2D19F00BC34F5684DC117671E.highlight.minted)
(_minted/64CFB99CDC1459C3490F723891470030.highlight.minted) [115]
Chapter 33.
[116] (_minted/EE0901194FF4CEC2D2DB9A84262BD525.highlight.minted) [117]
[118]
Chapter 34.
(_minted/68F567E3D0BF461BFD4FA129693AF3C9.highlight.minted) [119]
(_minted/7DBC3CF8A30ADB6DE2A2EA6560B72C5F.highlight.minted)
(_minted/D5CA60D28354773B64A724EF69D5A173.highlight.minted) [120] [121]
Chapter 35.
(_minted/44A871ED9745DEE2D94F52A019F3B24E.highlight.minted)
(_minted/BAC6B85A2DC59563BC94CD3E3540C540.highlight.minted) [122]
(_minted/C4C92493AA74C743CFA892480B961E1B.highlight.minted)
(_minted/5E870956A8C745F611924C32CF17F535.highlight.minted)
(_minted/BB08DB9C4248C9F1B32AFCFD6EF2AA22.highlight.minted) [123]
(_minted/E8EBB0FEE1FCD75297FFAC4A9D1FAAAA.highlight.minted)
(_minted/C347E779508DF882C4F18A6224B7F88A.highlight.minted) [124] [125]
Chapter 36.

Overfull \hbox (0.99739pt too wide) in paragraph at lines 8588--8588
[]\TU/DejaVuSansMono(0)/m/n/8 conformance_ 

Overfull \hbox (0.99739pt too wide) in paragraph at lines 8588--8588
[]\TU/DejaVuSansMono(0)/m/n/8 conformance_ 
[126] (_minted/D5B99D607C60EA70D474495112E02A2A.highlight.minted) [127]
Chapter 37.
[128] (_minted/3D8EDFC8911B49BC3BE4D7F3CDF8D537.highlight.minted) [129]
(_minted/4E4A257153BB4F80229E3AC885759FD1.highlight.minted)
(_minted/9B2318B5FCDE22808044A62E74268E2A.highlight.minted)
Underfull \hbox (badness 10000) in paragraph at lines 9011--9012
[]\TU/DejaVuSans(0)/m/n/10 Consequently \TU/DejaVuSansMono(0)/m/n/10 Binary8p4s
e === Binary{8,4,true,true} \TU/DejaVuSans(0)/m/n/10 is \TU/DejaVuSansMono(0)/b
/n/10 false \TU/DejaVuSans(0)/m/n/10 and \TU/DejaVuSansMono(0)/m/n/10 Binary8p4
se <:
[130] (_minted/DA84ED7F5B964A851E9F0089CA5424B6.highlight.minted)
(_minted/8CF6CC4C2F9015D972DDF8B41FE9E8EB.highlight.minted)
(_minted/B817239F7ABD5CEEEE05846468F51307.highlight.minted)
(_minted/F17BF4EA152129A524F3F05ADC653AF7.highlight.minted) [131]
(_minted/500ACE807AC25E67DD8C784C14CB43A2.highlight.minted)
Underfull \hbox (badness 10000) in paragraph at lines 9135--9136
[]\TU/DejaVuSans(0)/m/n/10 Bit-packed storage of \TU/DejaVuSansMono(0)/m/n/10 F
 \TU/DejaVuSans(0)/m/n/10 code points at \TU/DejaVuSansMono(0)/m/n/10 bitwidth(
F) \TU/DejaVuSans(0)/m/n/10 bits per element. Construct with

Underfull \hbox (badness 1024) in paragraph at lines 9135--9136
\TU/DejaVuSansMono(0)/m/n/10 PackedVector(A::AbstractVector{F})\TU/DejaVuSans(0
)/m/n/10 ; recover with \TU/DejaVuSansMono(0)/m/n/10 Vector(pv) \TU/DejaVuSans(
0)/m/n/10 or \TU/DejaVuSansMono(0)/m/n/10 collect(pv)\TU/DejaVuSans(0)/m/n/10 .
 Memory: \TU/DejaVuSansMono(0)/m/n/10 ⌈n·K/64⌉
(_minted/27384C3438443A7C3FD1147C706A3956.highlight.minted) [132]
(_minted/B4851015F49166FFFB4AB087D6D7AD14.highlight.minted)
(_minted/ADF06B8D8C96462D5D66D51472F06BE3.highlight.minted)
(_minted/1D2D0BE82E5D08930D2D01C995E8F855.highlight.minted)
Underfull \hbox (badness 10000) in paragraph at lines 9393--9394
[]\TU/DejaVuSans(0)/m/n/10 The session[]s default projection specification. Ini
tialized to \TU/DejaVuSansMono(0)/m/n/10 (DefaultRoundingMode(),
(_minted/50B1E584549F0A65A79028643319AF81.highlight.minted) [133]
(_minted/3951D073956ADE3CFDA8346DA78D9635.highlight.minted)
Underfull \hbox (badness 6708) in paragraph at lines 9431--9432
[]\TU/DejaVuSans(0)/m/n/10 The session[]s default rounding mode. Initialized to
 \TU/DejaVuSansMono(0)/m/n/10 NearestTiesToEven()\TU/DejaVuSans(0)/m/n/10 . Set
ting it rebuilds
(_minted/493609A9E8C9B8D0F52DA46C608D5C89.highlight.minted) [134]
(_minted/8A1685A58467325C92FF33B8674E72B6.highlight.minted)
(_minted/AC0BF8C4F187E02A8E37BA5DCEFDAA86.highlight.minted)
(_minted/3395B8DD539B0D08DE0E60009BCAA0D4.highlight.minted) [135]
(_minted/5020B919D890AF99F312B6A4D56A59C7.highlight.minted)
(_minted/6CDC1C9D54444AA8B2BD0AF4ABE533D7.highlight.minted)
(_minted/D799BE5380ED22876934684D07FE70A5.highlight.minted)
(_minted/1FDE9520D6BA748318CA29D5001219D5.highlight.minted) [136]
(_minted/4C58E1F2F796AD68EA608EDF3338800F.highlight.minted)
(_minted/6BD2A1F33ECC4A81085B84E368B54751.highlight.minted)
(_minted/EA2783ECFFC455552DE3F9AFBB059A4E.highlight.minted) [137]
(_minted/65115E4900627F96E702856F9A15B77A.highlight.minted)
(_minted/99BA869717DF25CA14FA37563C0243E7.highlight.minted)
(_minted/8303050E3C9D0934661117779526CACF.highlight.minted) [138]
(_minted/D61226457AF0A3D7BCE395BBF24CA11D.highlight.minted)
(_minted/692389A62347CE07EE15B86FA8CAEDD4.highlight.minted)
(_minted/A2D57E94DA11DFB3E2FC0B232AC1FC23.highlight.minted)
(_minted/061D4BE9944CDAF7F8226CED5F86821D.highlight.minted)
(_minted/A2D57E94DA11DFB3E2FC0B232AC1FC23.highlight.minted)
(_minted/061D4BE9944CDAF7F8226CED5F86821D.highlight.minted) [139]
(_minted/A2D57E94DA11DFB3E2FC0B232AC1FC23.highlight.minted)
(_minted/061D4BE9944CDAF7F8226CED5F86821D.highlight.minted) [140]
Chapter 38.
[141] (_minted/291A7DF0DD16380AC41C4E33CECDB0D8.highlight.minted) [142]
(_minted/EC5F2B9493683BA11E975CE3A7510F70.highlight.minted)
(_minted/A9A1203CAC9B3C48508604877047DC38.highlight.minted) [143]
(_minted/A611BC16932152062E5171CCB0C549C6.highlight.minted) [144] [145]
(_minted/52CD0037C73FFD21C48DBD0D71557CCF.highlight.minted)
(_minted/B452BD08A34BB12A8D652F7EAA85692F.highlight.minted)
(_minted/26A0129FC464C136444901767C85FBB2.highlight.minted) [146]
(_minted/3587817B6E57F827CFE08BD09D73AE78.highlight.minted)
(_minted/9F5C467384CF421CCFBD9416454568C3.highlight.minted)
(_minted/9283AF52A4C095F3AF7F02CBAEC45FF2.highlight.minted) [147]
(_minted/CAB1FF1DFD3A3272A4320BAD2FD79021.highlight.minted)
(_minted/838C85DE25BA816E2A40DB35D035CDDE.highlight.minted)
(_minted/25A3F1DD5D828DC00D2567826DE6A95E.highlight.minted) [148]
(_minted/79E5AF4E176F1B2AAE9949EBB5F5FFE2.highlight.minted)
(_minted/26E973B05B9A423BDC7927B1C2FC7452.highlight.minted)
(_minted/E233F2B9FB22E781AC6421776FCBE0DC.highlight.minted) [149]
(_minted/8BBCCA78940A1F9E8529127B8CFE96F3.highlight.minted) [150] [151]
Chapter 39.
[152] [153]
Chapter 40.
[154] [155]
Chapter 41.
(_minted/C4C715B646AE81EAE34200482DBF8E06.highlight.minted) [156] [157]
Chapter 42.
(_minted/94A2E0861DC84BAF470950224479F824.highlight.minted) [158] [159]
Chapter 43.

Overfull \hbox (2.25514pt too wide) in paragraph at lines 11889--11889
[]\TU/DejaVuSansMono(0)/m/n/8 Float128|  

Overfull \hbox (6.05104pt too wide) in paragraph at lines 11889--11889
[]\TU/DejaVuSansMono(0)/m/n/8 BigExactF|  

Overfull \hbox (13.6428pt too wide) in paragraph at lines 11889--11889
[]\TU/DejaVuSansMono(0)/m/n/8 Enclose128F|  

Overfull \hbox (2.25514pt too wide) in paragraph at lines 11889--11889
[]\TU/DejaVuSansMono(0)/m/n/8 EncloseF|  
(_minted/640777AD28B3F34A618BDA5D750B0245.highlight.minted) [160] [161]
[162]
Chapter 44.
(_minted/173F932F6C26689A7F55B1BFFA948B72.highlight.minted) [163] [164]
Chapter 45.
(_minted/8A77A4148DF4D8AA21424979FEC62435.highlight.minted)
(_minted/46BD5BF02737EAB8A784E06D10B1C588.highlight.minted) [165]
(_minted/0022200B0D0C17A388D0E2C93C7DC92C.highlight.minted) [166]
(_minted/36DAA2A4A80F5D45CC5E7B59D4D74775.highlight.minted) [167]
(_minted/7F368323C3A9075CB74A8AA5AFA82947.highlight.minted)
Underfull \hbox (badness 3068) in paragraph at lines 12378--12379
\TU/DejaVuSansMono(0)/m/n/10 src/blocks.jl \TU/DejaVuSans(0)/m/n/10 owns block 
construction, scale/element operations, span filtering, exact reductions, and
[168]
Chapter 46.
[169] [170]
Chapter 47.

Underfull \hbox (badness 2096) in paragraph at lines 12554--12555
[]\TU/DejaVuSans(0)/b/n/10 Result-kind protocol. \TU/DejaVuSansMono(0)/m/n/10 ω
eval \TU/DejaVuSans(0)/m/n/10 must return one of \TU/DejaVuSansMono(0)/m/n/10 F
loat64 | Float128 | StickyF | BigExactF |
[171] [172] (_minted/EFAFD071196D1E82E11848E90EA16666.highlight.minted)
(_minted/C70CCC5230288AD08E65CAC495A1B947.highlight.minted) [173]
(_minted/A966D19E87C2ACF4AB953BDE7C18074E.highlight.minted) [174]
(_minted/213AFF2DC68558247EC5EF5DA3BBA7E7.highlight.minted) [175]
(_minted/E8B4B1418C167EF1CCF0A0C06D5CB2FA.highlight.minted) [176]
(_minted/FDF9670465E7EDB978A8303006B6DD00.highlight.minted) [177]
Underfull \hbox (badness 3209) in paragraph at lines 12967--12968
[]\TU/DejaVuSansMono(0)/m/n/10 conformance_report() \TU/DejaVuSans(0)/m/n/10 sh
ows the op (automatic for registry ops; manual block additions extend
[178]
Chapter 48.
(_minted/86504FC3046518FD55D1AE1E9A7BC99D.highlight.minted)
(_minted/17FE4968B0468E716E0DC9AC3E0D4C60.highlight.minted)
(_minted/3010A19865BD05CA72A515021F68A2C3.highlight.minted)
(_minted/17FE4968B0468E716E0DC9AC3E0D4C60.highlight.minted) [179]
(_minted/8DBC868E46947A5C99C88474FBCAB914.highlight.minted)
(_minted/05D570C6A3EF8CE12104C2330266F864.highlight.minted)
(_minted/56E39D81E5DCB13EA60145DD8E59C6A0.highlight.minted)
(_minted/17FE4968B0468E716E0DC9AC3E0D4C60.highlight.minted) [180]
(_minted/975206E24CD7374FFE41B861B2661F40.highlight.minted)
(_minted/8708480A8027601187CC5DF7D3B04740.highlight.minted) [181] [182]
Chapter 49.
(_minted/3485C37D80F15E4B03F571274355BB9A.highlight.minted) [183] [184]
Chapter 50.
[185]
Overfull \hbox (10.51349pt too wide) in paragraph at lines 13385--13385
[]\TU/DejaVuSans(0)/m/n/8 CODEC- 

Overfull \hbox (10.51349pt too wide) in paragraph at lines 13385--13385
[]\TU/DejaVuSans(0)/m/n/8 CODEC- 

Overfull \hbox (10.51349pt too wide) in paragraph at lines 13385--13385
[]\TU/DejaVuSans(0)/m/n/8 CODEC- 

Overfull \hbox (10.21486pt too wide) in paragraph at lines 13385--13385
[]\TU/DejaVuSans(0)/m/n/8 ORDER- 

Overfull \hbox (7.40411pt too wide) in paragraph at lines 13385--13385
[]\TU/DejaVuSans(0)/m/n/8 TABLE- 

Overfull \hbox (15.35301pt too wide) in paragraph at lines 13385--13385
[]\TU/DejaVuSans(0)/m/n/8 CARRIER- 

Overfull \hbox (3.70059pt too wide) in paragraph at lines 13385--13385
[]\TU/DejaVuSans(0)/m/n/8 PERF- 
[186] [187]
Chapter 51.
[188]
Underfull \hbox (badness 2698) in paragraph at lines 13474--13475
[]\TU/DejaVuSans(0)/b/n/10 Symptom: \TU/DejaVuSansMono(0)/b/n/10 Vector{Binary{
K,P,Σ,Δ}}(undef, n) \TU/DejaVuSans(0)/b/n/10 silently boxes every element, even
 though you
[189] (_minted/9FD400FADD16754DA56184AEA6609DB1.highlight.minted) [190]
Chapter 52.
(_minted/E40B68BDD2C01F218F6A9E6E453847C0.highlight.minted)
(_minted/2309B7DDA116789644A845715C2FA661.highlight.minted)
(_minted/F52789D021B5D1B08E850AB1F544D53B.highlight.minted) [191]
(_minted/68647968D08E8EDBF4E1A36A8F346780.highlight.minted)
(_minted/579BF17CE8B0F428E0BD4D8730676B2B.highlight.minted)
(_minted/C291FB4AC814D8E2CA46F3589F865110.highlight.minted)
(_minted/4C707D85B9FAF50ECFD9C2A2ACE00BFE.highlight.minted) [192]
(_minted/1E695E62CDDC8810D23D298E81632D7F.highlight.minted)
(_minted/04218E3F5286822AD133BD55085A29A4.highlight.minted)
(_minted/66271AF36FA53C58A09087B87B63C5CF.highlight.minted) [193]
(_minted/4C7B05E18DE931B67C086C4FB7251A52.highlight.minted)
(_minted/68F567E3D0BF461BFD4FA129693AF3C9.highlight.minted)
Underfull \hbox (badness 3039) in paragraph at lines 13894--13895
[]\TU/DejaVuSans(0)/m/n/10 Setting a rounding/saturation component rebuilds \TU
/DejaVuSansMono(0)/m/n/10 DefaultProjection\TU/DejaVuSans(0)/m/n/10 ; setting \
TU/DejaVuSansMono(0)/m/n/10 DefaultProjection! \TU/DejaVuSans(0)/m/n/10 di-

Underfull \hbox (badness 1817) in paragraph at lines 13894--13895
\TU/DejaVuSans(0)/m/n/10 rectly updates both components. Always: \TU/DejaVuSans
Mono(0)/m/n/10 DefaultProjection() === ProjSpec(DefaultRoundingMode(),
(_minted/D5CA60D28354773B64A724EF69D5A173.highlight.minted) [194]
(_minted/FB8D488D0F6F33735979C7C62DBA50E8.highlight.minted)
Overfull \hbox (1.30995pt too wide) in paragraph at lines 13950--13950
[]\TU/DejaVuSans(0)/m/n/8 Ternary|  
(_minted/5F497B5D9E27C4C2218B2C72EA199CF4.highlight.minted)
(_minted/C691A956D02ECD203C4E932A2A759FCF.highlight.minted) [195]
(_minted/5F6EA2BFFA0C430E6E0491F2C9F249EB.highlight.minted)
(_minted/6B80485BF866A3E23B664DAFDC851388.highlight.minted)
(_minted/EE0901194FF4CEC2D2DB9A84262BD525.highlight.minted)
(_minted/A46E2A5EC78317FEE9ECCCC5DAB0BEE1.highlight.minted)
(_minted/5AD90EF4073A9F25C390B0F227B98C33.highlight.minted)
(_minted/363979A81B24883CFEEC60DBE21D7651.highlight.minted) [196]
Overfull \hbox (37.17235pt too wide) in paragraph at lines 14155--14155
[]\TU/DejaVuSansMono(0)/m/n/8 Vector{Binary{K,P,Σ,Δ}}(undef, 
[197]
Chapter 53.

LaTeX Warning: `h' float specifier changed to `ht'.

[198] [199]
Chapter 54.
[200] [201] (main.aux) )
(see the transcript file for additional information)
Output written on main.xdv (206 pages, 4627272 bytes).
Transcript written on main.log.
Latexmk: Getting log file 'main.log'
Latexmk: Examining 'main.fls'
Latexmk: Examining 'main.log'
Latexmk: Log file says output to 'main.xdv'
Latexmk: Using bibtex to make bibliography file(s).
Latexmk: applying rule 'xdvipdfmx'...
Rule 'xdvipdfmx':  Reasons for rerun
Changed files or newly in use/created:
  main.xdv
Category 'changed_source_rules':
  xelatex
Category 'no_dest':
  xdvipdfmx

------------
Run number 1 of rule 'xdvipdfmx'
------------
------------
Running 'xdvipdfmx -E -o "main.pdf"  "main.xdv"'
------------
main.xdv -> main.pdf
[1][2][3][4][5][6][7][8][9][10][11][12][13][14][15][16][17][18][19][20][21][22][23][24][25][26][27][28][29][30][31][32][33][34][35][36][37][38][39][40][41][42][43][44][45][46][47][48][49][50][51][52][53][54][55][56][57][58][59][60][61][62][63][64][65][66][67][68][69][70][71][72][73][74][75][76][77][78][79][80][81][82][83][84][85][86][87][88][89][90][91][92][93][94][95][96][97][98][99][100][101][102][103][104][105][106][107][108][109][110][111][112][113][114][115][116][117][118][119][120][121][122][123][124][125][126][127][128][129][130][131][132][133][134][135][136][137][138][139][140][141][142][143][144][145][146][147][148][149][150][151][152][153][154][155][156][157][158][159][160][161][162][163][164][165][166][167][168][169][170][171][172][173][174][175][176][177][178][179][180][181][182][183][184][185][186][187][188][189][190][191][192][193][194][195][196][197][198][199][200][201][202][203][204][205][206]
861226 bytes written
Latexmk: All targets (main.xdv main.pdf) are up-to-date

